sku_odi;codigo;nombre;descripcion;precio;categoria;marca_moto;modelo_moto;cilindraje;duplicate_group;is_canonical;family_id;is_parent;fitment_marca;fitment_modelo;fitment_cilindraje;fitment_año
YOK-00001;LLA-005;LLANTA PIRELLI ANGEL GT 90/90-18;LLANTA PIRELLI ANGEL GT 90/90-18;403251;LLANTAS;;;;;False;;False;;;90cc;1990-2018
YOK-00002;CAS-065-L;CASCO CROSS LS2 MX437 FAST BLANCO TALLA L;CASCO CROSS LS2 MX437 FAST BLANCO TALLA L;349633;CASCOS;;;;DUP-0001;True;;False;;;;
YOK-00003;LLA-026;LLANTA METZELER ROADTEC 100/80-17;LLANTA METZELER ROADTEC 100/80-17;232382;LLANTAS;;;;;False;;False;;;100cc;1980-2017
YOK-00004;LLA-013;LLANTA MICHELIN PILOT STREET 90/90-18;LLANTA MICHELIN PILOT STREET 90/90-18;384489;LLANTAS;;;;;False;;False;;;90cc;1990-2018
YOK-00005;BAT-005;BATERIA YUASA YTX14-BS;BATERIA YUASA YTX14-BS;101308;BATERIAS;;;;;False;;False;;;;
YOK-00006;ACC-002;GUANTES DAINESE AEROX;GUANTES DAINESE AEROX;165000;ACCESORIOS;;;;;False;;False;;;;
YOK-00007;CAS-076-S;CASCO JET LS2 OF558 SPHERE NEGRO MATE TALLA S;CASCO JET LS2 OF558 SPHERE NEGRO MATE TALLA S;416885;CASCOS;;;;DUP-0002;True;;False;;;;
YOK-00008;BAT-007;BATERIA YUASA YTX30L-BS;BATERIA YUASA YTX30L-BS;227636;BATERIAS;;;;;False;;False;;;;
YOK-00009;LLA-035;LLANTA IRC NR73 110/70-17;LLANTA IRC NR73 110/70-17;100136;LLANTAS;;;;;False;;False;;;110cc;1970-2017
YOK-00010;ACE-001;ACEITE MOTUL 7100 4T 10W40 SINTETICO 1L;ACEITE MOTUL 7100 4T 10W40 SINTETICO 1L;140985;ACEITES Y LUBRICANTES;;;;DUP-0003;True;;False;;;;
YOK-00011;CAS-094-S;CASCO INTEGRAL HJC I70 NEGRO MATE TALLA S;CASCO INTEGRAL HJC I70 NEGRO MATE TALLA S;303716;CASCOS;;;;DUP-0004;True;;False;;;;
YOK-00012;CAS-002-XS;CASCO INTEGRAL LS2 FF800 STORM BLANCO TALLA XS;CASCO INTEGRAL LS2 FF800 STORM BLANCO TALLA XS;576038;CASCOS;;;;DUP-0005;True;;False;;;;
YOK-00013;BAT-010;BATERIA YUASA YT9-BS;BATERIA YUASA YT9-BS;326764;BATERIAS;;;;;False;;False;;;;
YOK-00014;FRE-022;DISCO FRENO EBC MD165;DISCO FRENO EBC MD165;39843;FRENOS;Honda;ECO Deluxe;100.0;;False;;False;;;;
YOK-00015;CAS-134-M;CASCO INTEGRAL SHAFT SH-881 BLANCO TALLA M;CASCO INTEGRAL SHAFT SH-881 BLANCO TALLA M;262634;CASCOS;;;;DUP-0006;True;;False;;;;
YOK-00016;BAT-026;BATERIA GS GTX14-BS;BATERIA GS GTX14-BS;161215;BATERIAS;;;;;False;;False;;;;
YOK-00017;CAS-152-M;CASCO ABIERTO SHAFT SH-202 BLANCO TALLA M;CASCO ABIERTO SHAFT SH-202 BLANCO TALLA M;308223;CASCOS;;;;DUP-0007;True;;False;;;;
YOK-00018;CAS-077-S;CASCO JET LS2 OF558 SPHERE BLANCO TALLA S;CASCO JET LS2 OF558 SPHERE BLANCO TALLA S;374471;CASCOS;;;;DUP-0002;False;;False;;;;
YOK-00019;FIL-006;FILTRO AIRE K&N140;FILTRO AIRE K&N140;48676;FILTROS;Bajaj;Discover 125 ST;125.0;;False;;False;;;;
YOK-00020;ACE-018;ACEITE YAMALUBE 4T 20W50 20L;ACEITE YAMALUBE 4T 20W50 20L;2592870;ACEITES Y LUBRICANTES;;;;;False;;False;;;;
YOK-00021;CAS-162-XXL;CASCO ABIERTO SHAFT SH-202 ROJO TALLA XXL;CASCO ABIERTO SHAFT SH-202 ROJO TALLA XXL;361592;CASCOS;;;;DUP-0008;True;;False;;;;
YOK-00022;CAS-073-XS;CASCO JET LS2 OF558 SPHERE NEGRO MATE TALLA XS;CASCO JET LS2 OF558 SPHERE NEGRO MATE TALLA XS;278650;CASCOS;;;;DUP-0002;False;;False;;;;
YOK-00023;ACE-028;ACEITE LIQUI MOLY 4T 10W40 1L;ACEITE LIQUI MOLY 4T 10W40 1L;117991;ACEITES Y LUBRICANTES;;;;DUP-0009;True;;False;;;;
YOK-00024;BAT-006;BATERIA YUASA YTX20L-BS;BATERIA YUASA YTX20L-BS;270321;BATERIAS;;;;;False;;False;;;;
YOK-00025;CAS-158-XL;CASCO ABIERTO SHAFT SH-202 BLANCO TALLA XL;CASCO ABIERTO SHAFT SH-202 BLANCO TALLA XL;239232;CASCOS;;;;DUP-0007;False;;False;;;;
YOK-00026;BAT-041;BATERIA EXIDE ETX20L-BS;BATERIA EXIDE ETX20L-BS;180644;BATERIAS;;;;;False;;False;;;;
YOK-00027;REP-014;ESPEJO RETROVISOR NEGRO PAR;ESPEJO RETROVISOR NEGRO PAR;18000;REPUESTOS;;;;;False;;False;;;;
YOK-00028;LLA-002;LLANTA PIRELLI DIABLO ROSSO II 100/80-17;LLANTA PIRELLI DIABLO ROSSO II 100/80-17;155024;LLANTAS;;;;DUP-0010;True;;False;;;100cc;1980-2017
YOK-00029;CAS-080-M;CASCO JET LS2 OF558 SPHERE BLANCO TALLA M;CASCO JET LS2 OF558 SPHERE BLANCO TALLA M;320977;CASCOS;;;;DUP-0011;True;;False;;;;
YOK-00030;LLA-001;LLANTA PIRELLI DIABLO ROSSO II 90/90-18;LLANTA PIRELLI DIABLO ROSSO II 90/90-18;184137;LLANTAS;;;;DUP-0010;False;;False;;;90cc;1990-2018
YOK-00031;FRE-018;PASTILLAS FRENO GALFER174;PASTILLAS FRENO GALFER174;128370;FRENOS;Honda;ECO Deluxe;100.0;;False;;False;;;;
YOK-00032;FRE-040;LIQUIDO FRENOS CASTROL DOT 4213;LIQUIDO FRENOS CASTROL DOT 4213;237042;FRENOS;Yamaha;FZ25;250.0;;False;;False;;;;
YOK-00033;FIL-010;FILTRO ACEITE ORIGINAL HONDA140;FILTRO ACEITE ORIGINAL HONDA140;53607;FILTROS;Yamaha;MT-03;321.0;;False;;False;;;;
YOK-00034;ACC-006;BOTAS DAINESE AXIAL D1;BOTAS DAINESE AXIAL D1;720000;ACCESORIOS;;;;;False;;False;;;;
YOK-00035;CAS-125-XXL;CASCO MODULAR HJC RPHA 90 BLANCO TALLA XXL;CASCO MODULAR HJC RPHA 90 BLANCO TALLA XXL;457277;CASCOS;;;;DUP-0012;True;;False;;;90cc;
YOK-00036;TRA-010;CADENA RK 428HSB 118L;CADENA RK 428HSB 118L;275802;TRANSMISION;;;;;False;;False;;;;
YOK-00037;CAS-049-XL;CASCO ABIERTO LS2 OF562 AIRFLOW NEGRO MATE TALLA XL;CASCO ABIERTO LS2 OF562 AIRFLOW NEGRO MATE TALLA XL;188527;CASCOS;;;;DUP-0013;True;;False;;;;
YOK-00038;CAS-082-L;CASCO JET LS2 OF558 SPHERE NEGRO MATE TALLA L;CASCO JET LS2 OF558 SPHERE NEGRO MATE TALLA L;636162;CASCOS;;;;DUP-0002;False;;False;;;;
YOK-00039;ACC-001A;GUANTES ALPINESTARS SMX-1;GUANTES ALPINESTARS SMX-1;185000;ACCESORIOS;;;;;False;;False;;;;
YOK-00040;BAT-037;BATERIA EXIDE ETX7L-BS;BATERIA EXIDE ETX7L-BS;281433;BATERIAS;;;;;False;;False;;;;
YOK-00041;FIL-017;FILTRO AIRE ORIGINAL SUZUKI138;FILTRO AIRE ORIGINAL SUZUKI138;37232;FILTROS;Honda;XR150L;150.0;;False;;False;;;;
YOK-00042;ACC-015;PROTECTOR MOTOR UNIVERSAL;PROTECTOR MOTOR UNIVERSAL;120000;ACCESORIOS;;;;;False;;False;;;;
YOK-00043;ACE-020;ACEITE HONDA GN4 10W30 4L;ACEITE HONDA GN4 10W30 4L;322087;ACEITES Y LUBRICANTES;;;;;False;;False;HONDA;;;
YOK-00044;BAT-017;BATERIA MOTOBATT MB9-BS;BATERIA MOTOBATT MB9-BS;283218;BATERIAS;;;;;False;;False;;;;
YOK-00045;LLA-030;LLANTA CONTINENTAL CONTIMOTION 100/80-17;LLANTA CONTINENTAL CONTIMOTION 100/80-17;168938;LLANTAS;;;;;False;;False;;;100cc;1980-2017
YOK-00046;REP-024;RODAMIENTO RUEDA 6302;RODAMIENTO RUEDA 6302;12000;REPUESTOS;;;;;False;;False;;;;
YOK-00047;FRE-030;DISCO FRENO BREMBO SERIE ORO213;DISCO FRENO BREMBO SERIE ORO213;204069;FRENOS;Suzuki;Gixxer SF;155.0;;False;;False;;;;
YOK-00048;CAS-168-S;CASCO CROSS SHAFT SH-MX200 ROJO TALLA S;CASCO CROSS SHAFT SH-MX200 ROJO TALLA S;415546;CASCOS;;;;DUP-0014;True;;False;;;;
YOK-00049;BAT-013;BATERIA YUASA YT20L-BS;BATERIA YUASA YT20L-BS;255950;BATERIAS;;;;;False;;False;;;;
YOK-00050;ACE-019;ACEITE HONDA GN4 10W30 1L;ACEITE HONDA GN4 10W30 1L;56435;ACEITES Y LUBRICANTES;;;;;False;;False;HONDA;;;
YOK-00051;CAS-137-L;CASCO INTEGRAL SHAFT SH-881 BLANCO TALLA L;CASCO INTEGRAL SHAFT SH-881 BLANCO TALLA L;519135;CASCOS;;;;DUP-0006;False;;False;;;;
YOK-00052;ACC-005;BOTAS ALPINESTARS SMX-6 V2;BOTAS ALPINESTARS SMX-6 V2;650000;ACCESORIOS;;;;;False;;False;;;;
YOK-00053;CAS-089-XXL;CASCO JET LS2 OF558 SPHERE BLANCO TALLA XXL;CASCO JET LS2 OF558 SPHERE BLANCO TALLA XXL;182961;CASCOS;;;;DUP-0011;False;;False;;;;
YOK-00054;CAS-126-XXL;CASCO MODULAR HJC RPHA 90 ROJO TALLA XXL;CASCO MODULAR HJC RPHA 90 ROJO TALLA XXL;482673;CASCOS;;;;DUP-0012;False;;False;;;90cc;
YOK-00055;TRA-006;CADENA DID 428VX ORO 124L;CADENA DID 428VX ORO 124L;311287;TRANSMISION;;;;;False;;False;;;;
YOK-00056;ACE-013;ACEITE CASTROL ACTEVO 4T 20W50 1L;ACEITE CASTROL ACTEVO 4T 20W50 1L;162344;ACEITES Y LUBRICANTES;;;;DUP-0015;True;;False;;;;
YOK-00057;TRA-023;CATALINA TRASERA JT 120L;CATALINA TRASERA JT 120L;125790;TRANSMISION;;;;;False;;False;;;;
YOK-00058;CAS-130-S;CASCO INTEGRAL SHAFT SH-881 NEGRO MATE TALLA S;CASCO INTEGRAL SHAFT SH-881 NEGRO MATE TALLA S;622520;CASCOS;;;;DUP-0016;True;;False;;;;
YOK-00059;CAS-160-XXL;CASCO ABIERTO SHAFT SH-202 NEGRO MATE TALLA XXL;CASCO ABIERTO SHAFT SH-202 NEGRO MATE TALLA XXL;312199;CASCOS;;;;DUP-0017;True;;False;;;;
YOK-00060;CAS-040-S;CASCO ABIERTO LS2 OF562 AIRFLOW NEGRO MATE TALLA S;CASCO ABIERTO LS2 OF562 AIRFLOW NEGRO MATE TALLA S;546843;CASCOS;;;;DUP-0013;False;;False;;;;
YOK-00061;CAS-005-S;CASCO INTEGRAL LS2 FF800 STORM BLANCO TALLA S;CASCO INTEGRAL LS2 FF800 STORM BLANCO TALLA S;410876;CASCOS;;;;DUP-0005;False;;False;;;;
YOK-00062;FIL-023;FILTRO ACEITE MAHLE141;FILTRO ACEITE MAHLE141;51399;FILTROS;Bajaj;Pulsar 180;180.0;;False;;False;;;;
YOK-00063;CAS-009-M;CASCO INTEGRAL LS2 FF800 STORM ROJO TALLA M;CASCO INTEGRAL LS2 FF800 STORM ROJO TALLA M;545601;CASCOS;;;;DUP-0018;True;;False;;;;
YOK-00064;BAT-042;BATERIA EXIDE ETX30L-BS;BATERIA EXIDE ETX30L-BS;163063;BATERIAS;;;;;False;;False;;;;
YOK-00065;BAT-032;BATERIA BOSCH M612-BS;BATERIA BOSCH M612-BS;243421;BATERIAS;;;;;False;;False;;;;
YOK-00066;LLA-036;LLANTA IRC NR73 120/70-17;LLANTA IRC NR73 120/70-17;350668;LLANTAS;;;;;False;;False;;;70cc;1970-2017
YOK-00067;BAT-008;BATERIA YUASA YT5L-BS;BATERIA YUASA YT5L-BS;320073;BATERIAS;;;;;False;;False;;;;
YOK-00068;ACC-019;CARGADOR USB MOTO 12V;CARGADOR USB MOTO 12V;28000;ACCESORIOS;;;;;False;;False;;;;
YOK-00069;FIL-024;FILTRO ACEITE MAHLE145;FILTRO ACEITE MAHLE145;10509;FILTROS;Yamaha;BWS 125;125.0;;False;;False;;;;
YOK-00070;LLA-020;LLANTA DUNLOP SPORTMAX 120/70-17;LLANTA DUNLOP SPORTMAX 120/70-17;318329;LLANTAS;;;;;False;;False;;;70cc;1970-2017
YOK-00071;REP-011;PIÑON PRIMARIO NS200;PIÑON PRIMARIO NS200;55000;REPUESTOS;Bajaj;Pulsar NS200;;;False;;False;;;;
YOK-00072;REP-015;ESPEJO RETROVISOR CROMADO PAR;ESPEJO RETROVISOR CROMADO PAR;22000;REPUESTOS;;;;;False;;False;;;;
YOK-00073;FIL-012;FILTRO ACEITE ORIGINAL HONDA145;FILTRO ACEITE ORIGINAL HONDA145;33368;FILTROS;Bajaj;Pulsar NS200;200.0;;False;;False;;;;
YOK-00074;CAS-015-XL;CASCO INTEGRAL LS2 FF800 STORM ROJO TALLA XL;CASCO INTEGRAL LS2 FF800 STORM ROJO TALLA XL;470216;CASCOS;;;;DUP-0018;False;;False;;;;
YOK-00075;CAS-044-M;CASCO ABIERTO LS2 OF562 AIRFLOW BLANCO TALLA M;CASCO ABIERTO LS2 OF562 AIRFLOW BLANCO TALLA M;299713;CASCOS;;;;DUP-0019;True;;False;;;;
YOK-00076;ACC-010;CANDADO DISCO XENA XX6;CANDADO DISCO XENA XX6;185000;ACCESORIOS;;;;;False;;False;;;;
YOK-00077;CAS-054-XXL;CASCO ABIERTO LS2 OF562 AIRFLOW ROJO TALLA XXL;CASCO ABIERTO LS2 OF562 AIRFLOW ROJO TALLA XXL;214085;CASCOS;;;;DUP-0020;True;;False;;;;
YOK-00078;CAS-176-XL;CASCO CROSS SHAFT SH-MX200 BLANCO TALLA XL;CASCO CROSS SHAFT SH-MX200 BLANCO TALLA XL;306342;CASCOS;;;;DUP-0021;True;;False;;;;
YOK-00079;CAS-151-M;CASCO ABIERTO SHAFT SH-202 NEGRO MATE TALLA M;CASCO ABIERTO SHAFT SH-202 NEGRO MATE TALLA M;223788;CASCOS;;;;DUP-0017;False;;False;;;;
YOK-00080;BAT-002;BATERIA YUASA YTX7L-BS;BATERIA YUASA YTX7L-BS;263449;BATERIAS;;;;;False;;False;;;;
YOK-00081;BAT-022;BATERIA GS GTX5L-BS;BATERIA GS GTX5L-BS;176588;BATERIAS;;;;;False;;False;;;;
YOK-00082;CAS-109-XS;CASCO MODULAR HJC RPHA 90 NEGRO MATE TALLA XS;CASCO MODULAR HJC RPHA 90 NEGRO MATE TALLA XS;457820;CASCOS;;;;DUP-0022;True;;False;;;90cc;
YOK-00083;LLA-019;LLANTA DUNLOP SPORTMAX 110/70-17;LLANTA DUNLOP SPORTMAX 110/70-17;184738;LLANTAS;;;;;False;;False;;;110cc;1970-2017
YOK-00084;LLA-017;LLANTA DUNLOP SPORTMAX 90/90-18;LLANTA DUNLOP SPORTMAX 90/90-18;342042;LLANTAS;;;;;False;;False;;;90cc;1990-2018
YOK-00085;FRE-034;LIQUIDO FRENOS MOTUL DOT 4196;LIQUIDO FRENOS MOTUL DOT 4196;223241;FRENOS;BMW;G310R;313.0;;False;;False;;;;
YOK-00086;FRE-011;PASTILLAS FRENO BREMBO142;PASTILLAS FRENO BREMBO142;141460;FRENOS;Suzuki;GSX-S150;150.0;;False;;False;;;;
YOK-00087;REP-023;GUAYA VELOCIMETRO PLATINO;GUAYA VELOCIMETRO PLATINO;15000;REPUESTOS;Bajaj;Platino;;;False;;False;;;;
YOK-00088;BUJ-004;BUJIA NGK IRIDIUM CR8EIX;BUJIA NGK IRIDIUM CR8EIX;34396;BUJIAS;;;;;False;;False;;;;
YOK-00089;CAS-081-M;CASCO JET LS2 OF558 SPHERE ROJO TALLA M;CASCO JET LS2 OF558 SPHERE ROJO TALLA M;558617;CASCOS;;;;DUP-0011;False;;False;;;;
YOK-00090;CAS-078-S;CASCO JET LS2 OF558 SPHERE ROJO TALLA S;CASCO JET LS2 OF558 SPHERE ROJO TALLA S;337591;CASCOS;;;;DUP-0002;False;;False;;;;
YOK-00091;ACE-003;ACEITE MOTUL 7100 4T 10W40 SINTETICO 20L;ACEITE MOTUL 7100 4T 10W40 SINTETICO 20L;1862235;ACEITES Y LUBRICANTES;;;;DUP-0003;False;;False;;;;
YOK-00092;CAS-061-M;CASCO CROSS LS2 MX437 FAST NEGRO MATE TALLA M;CASCO CROSS LS2 MX437 FAST NEGRO MATE TALLA M;254731;CASCOS;;;;DUP-0023;True;;False;;;;
YOK-00093;FRE-003;PASTILLAS FRENO EBC FA174;PASTILLAS FRENO EBC FA174;228523;FRENOS;Suzuki;Gixxer 150;150.0;;False;;False;;;;
YOK-00094;ACE-008;ACEITE MOTUL 3000 4T 20W50 MINERAL 4L;ACEITE MOTUL 3000 4T 20W50 MINERAL 4L;167576;ACEITES Y LUBRICANTES;;;;DUP-0024;True;;False;;;;
YOK-00095;CAS-014-XL;CASCO INTEGRAL LS2 FF800 STORM BLANCO TALLA XL;CASCO INTEGRAL LS2 FF800 STORM BLANCO TALLA XL;321085;CASCOS;;;;DUP-0005;False;;False;;;;
YOK-00096;CAS-174-L;CASCO CROSS SHAFT SH-MX200 ROJO TALLA L;CASCO CROSS SHAFT SH-MX200 ROJO TALLA L;554494;CASCOS;;;;DUP-0014;False;;False;;;;
YOK-00097;CAS-029-L;CASCO MODULAR LS2 FF906 ADVANT BLANCO TALLA L;CASCO MODULAR LS2 FF906 ADVANT BLANCO TALLA L;609969;CASCOS;;;;DUP-0025;True;;False;;;;
YOK-00098;ACE-012;ACEITE CASTROL POWER 1 4T 10W40 20L;ACEITE CASTROL POWER 1 4T 10W40 20L;1420140;ACEITES Y LUBRICANTES;;;;DUP-0026;True;;False;;;;
YOK-00099;TRA-007;CADENA RK 520KRX ORO 118L;CADENA RK 520KRX ORO 118L;115639;TRANSMISION;;;;;False;;False;;;;
YOK-00100;CAS-120-L;CASCO MODULAR HJC RPHA 90 ROJO TALLA L;CASCO MODULAR HJC RPHA 90 ROJO TALLA L;218517;CASCOS;;;;DUP-0027;True;;False;;;90cc;
YOK-00101;CAS-051-XL;CASCO ABIERTO LS2 OF562 AIRFLOW ROJO TALLA XL;CASCO ABIERTO LS2 OF562 AIRFLOW ROJO TALLA XL;589694;CASCOS;;;;DUP-0013;False;;False;;;;
YOK-00102;BAT-035;BATERIA BOSCH M630L-BS;BATERIA BOSCH M630L-BS;83428;BATERIAS;;;;;False;;False;;;;
YOK-00103;REP-016A;GUARDABARRO FRONTAL BWS;GUARDABARRO FRONTAL BWS;45000;REPUESTOS;Yamaha;BWS;;;False;;False;;;;
YOK-00104;BAT-025;BATERIA GS GTX12-BS;BATERIA GS GTX12-BS;355760;BATERIAS;;;;;False;;False;;;;
YOK-00105;BAT-039;BATERIA EXIDE ETX12-BS;BATERIA EXIDE ETX12-BS;334254;BATERIAS;;;;;False;;False;;;;
YOK-00106;CAS-062-M;CASCO CROSS LS2 MX437 FAST BLANCO TALLA M;CASCO CROSS LS2 MX437 FAST BLANCO TALLA M;555003;CASCOS;;;;DUP-0001;False;;False;;;;
YOK-00107;TRA-017;KIT ARRASTRE RK 120L;KIT ARRASTRE RK 120L;228950;TRANSMISION;;;;;False;;False;;;;
YOK-00108;REP-032;CIGUEÑAL DISCOVER 100;CIGUEÑAL DISCOVER 100;145000;REPUESTOS;Bajaj;Discover 100;;;False;;False;;DISCOVER 100;100cc;
YOK-00109;CAS-001-XS;CASCO INTEGRAL LS2 FF800 STORM NEGRO MATE TALLA XS;CASCO INTEGRAL LS2 FF800 STORM NEGRO MATE TALLA XS;361429;CASCOS;;;;DUP-0005;False;;False;;;;
YOK-00110;REP-001A;BOMBA AGUA PULSAR 200NS;BOMBA AGUA PULSAR 200NS;125000;REPUESTOS;Bajaj;Pulsar NS200;;DUP-0028;True;;False;PULSAR;;;
YOK-00111;CAS-043-M;CASCO ABIERTO LS2 OF562 AIRFLOW NEGRO MATE TALLA M;CASCO ABIERTO LS2 OF562 AIRFLOW NEGRO MATE TALLA M;624534;CASCOS;;;;DUP-0013;False;;False;;;;
YOK-00112;CAS-072-XXL;CASCO CROSS LS2 MX437 FAST ROJO TALLA XXL;CASCO CROSS LS2 MX437 FAST ROJO TALLA XXL;437638;CASCOS;;;;DUP-0029;True;;False;;;;
YOK-00113;FRE-002;PASTILLAS FRENO EBC FA165;PASTILLAS FRENO EBC FA165;142320;FRENOS;Honda;CB190R;190.0;;False;;False;;;;
YOK-00114;BAT-020;BATERIA MOTOBATT MB20L-BS;BATERIA MOTOBATT MB20L-BS;273447;BATERIAS;;;;;False;;False;;;;
YOK-00115;CAS-079-M;CASCO JET LS2 OF558 SPHERE NEGRO MATE TALLA M;CASCO JET LS2 OF558 SPHERE NEGRO MATE TALLA M;185411;CASCOS;;;;DUP-0002;False;;False;;;;
YOK-00116;CAS-003-XS;CASCO INTEGRAL LS2 FF800 STORM ROJO TALLA XS;CASCO INTEGRAL LS2 FF800 STORM ROJO TALLA XS;335231;CASCOS;;;;DUP-0005;False;;False;;;;
YOK-00117;FIL-026;FILTRO COMBUSTIBLE UNIVERSAL140;FILTRO COMBUSTIBLE UNIVERSAL140;8109;FILTROS;Yamaha;BWS 125;125.0;;False;;False;;;;
YOK-00118;FIL-004;FILTRO ACEITE HIFLOFILTRO HF145;FILTRO ACEITE HIFLOFILTRO HF145;58189;FILTROS;Suzuki;GSX-S150;150.0;;False;;False;;;;
YOK-00119;FRE-038;LIQUIDO FRENOS CASTROL DOT 4174;LIQUIDO FRENOS CASTROL DOT 4174;37388;FRENOS;Bajaj;Boxer CT100;100.0;;False;;False;;;;
YOK-00120;LLA-008;LLANTA PIRELLI ANGEL GT 120/70-17;LLANTA PIRELLI ANGEL GT 120/70-17;337096;LLANTAS;;;;;False;;False;;;70cc;1970-2017
YOK-00121;LLA-038;LLANTA KENDA K761 100/80-17;LLANTA KENDA K761 100/80-17;427818;LLANTAS;;;;;False;;False;;;100cc;1980-2017
YOK-00122;ACE-017;ACEITE YAMALUBE 4T 20W50 4L;ACEITE YAMALUBE 4T 20W50 4L;335902;ACEITES Y LUBRICANTES;;;;;False;;False;;;;
YOK-00123;FIL-013;FILTRO ACEITE ORIGINAL YAMAHA138;FILTRO ACEITE ORIGINAL YAMAHA138;40696;FILTROS;Yamaha;MT-03;321.0;;False;;False;;;;
YOK-00124;CAS-059-S;CASCO CROSS LS2 MX437 FAST BLANCO TALLA S;CASCO CROSS LS2 MX437 FAST BLANCO TALLA S;332371;CASCOS;;;;DUP-0001;False;;False;;;;
YOK-00125;CAS-068-XL;CASCO CROSS LS2 MX437 FAST BLANCO TALLA XL;CASCO CROSS LS2 MX437 FAST BLANCO TALLA XL;192419;CASCOS;;;;DUP-0001;False;;False;;;;
YOK-00126;CAS-112-S;CASCO MODULAR HJC RPHA 90 NEGRO MATE TALLA S;CASCO MODULAR HJC RPHA 90 NEGRO MATE TALLA S;376069;CASCOS;;;;DUP-0022;False;;False;;;90cc;
YOK-00127;ACE-014;ACEITE CASTROL ACTEVO 4T 20W50 4L;ACEITE CASTROL ACTEVO 4T 20W50 4L;268733;ACEITES Y LUBRICANTES;;;;DUP-0015;False;;False;;;;
YOK-00128;TRA-011;CADENA RK 428HSB 120L;CADENA RK 428HSB 120L;213767;TRANSMISION;;;;;False;;False;;;;
YOK-00129;ACC-017A;BAUL TRASERO 45 LITROS;BAUL TRASERO 45 LITROS;285000;ACCESORIOS;;;;;False;;False;;;;
YOK-00130;CAS-095-S;CASCO INTEGRAL HJC I70 BLANCO TALLA S;CASCO INTEGRAL HJC I70 BLANCO TALLA S;628404;CASCOS;;;;DUP-0030;True;;False;;;;
YOK-00131;CAS-121-XL;CASCO MODULAR HJC RPHA 90 NEGRO MATE TALLA XL;CASCO MODULAR HJC RPHA 90 NEGRO MATE TALLA XL;328255;CASCOS;;;;DUP-0022;False;;False;;;90cc;
YOK-00132;CAS-037-XS;CASCO ABIERTO LS2 OF562 AIRFLOW NEGRO MATE TALLA XS;CASCO ABIERTO LS2 OF562 AIRFLOW NEGRO MATE TALLA XS;187898;CASCOS;;;;DUP-0013;False;;False;;;;
YOK-00133;CAS-147-XS;CASCO ABIERTO SHAFT SH-202 ROJO TALLA XS;CASCO ABIERTO SHAFT SH-202 ROJO TALLA XS;258141;CASCOS;;;;DUP-0008;False;;False;;;;
YOK-00134;BAT-031;BATERIA BOSCH M69-BS;BATERIA BOSCH M69-BS;249771;BATERIAS;;;;;False;;False;;;;
YOK-00135;CAS-011-L;CASCO INTEGRAL LS2 FF800 STORM BLANCO TALLA L;CASCO INTEGRAL LS2 FF800 STORM BLANCO TALLA L;438278;CASCOS;;;;DUP-0005;False;;False;;;;
YOK-00136;ACE-016;ACEITE YAMALUBE 4T 20W50 1L;ACEITE YAMALUBE 4T 20W50 1L;91751;ACEITES Y LUBRICANTES;;;;;False;;False;;;;
YOK-00137;ACC-004;CHAQUETA DAINESE SUPER SPEED;CHAQUETA DAINESE SUPER SPEED;580000;ACCESORIOS;;;;;False;;False;;;;
YOK-00138;CAS-050-XL;CASCO ABIERTO LS2 OF562 AIRFLOW BLANCO TALLA XL;CASCO ABIERTO LS2 OF562 AIRFLOW BLANCO TALLA XL;467136;CASCOS;;;;DUP-0013;False;;False;;;;
YOK-00139;FRE-006;PASTILLAS FRENO FERODO FDB142;PASTILLAS FRENO FERODO FDB142;255233;FRENOS;TVS;Apache RTR 200;200.0;;False;;False;;;;
YOK-00140;CAS-075-XS;CASCO JET LS2 OF558 SPHERE ROJO TALLA XS;CASCO JET LS2 OF558 SPHERE ROJO TALLA XS;358471;CASCOS;;;;DUP-0031;True;;False;;;;
YOK-00141;CAS-087-XL;CASCO JET LS2 OF558 SPHERE ROJO TALLA XL;CASCO JET LS2 OF558 SPHERE ROJO TALLA XL;614308;CASCOS;;;;DUP-0031;False;;False;;;;
YOK-00142;CAS-101-L;CASCO INTEGRAL HJC I70 BLANCO TALLA L;CASCO INTEGRAL HJC I70 BLANCO TALLA L;296654;CASCOS;;;;DUP-0030;False;;False;;;;
YOK-00143;FRE-013;PASTILLAS FRENO BREMBO174;PASTILLAS FRENO BREMBO174;266270;FRENOS;Bajaj;Boxer CT100;100.0;;False;;False;;;;
YOK-00144;CAS-135-M;CASCO INTEGRAL SHAFT SH-881 ROJO TALLA M;CASCO INTEGRAL SHAFT SH-881 ROJO TALLA M;415006;CASCOS;;;;DUP-0006;False;;False;;;;
YOK-00145;BAT-001;BATERIA YUASA YTX5L-BS;BATERIA YUASA YTX5L-BS;328511;BATERIAS;;;;;False;;False;;;;
YOK-00146;ACC-018;SOPORTE CELULAR MOTO;SOPORTE CELULAR MOTO;35000;ACCESORIOS;;;;;False;;False;;;;
YOK-00147;FRE-014;PASTILLAS FRENO BREMBO196;PASTILLAS FRENO BREMBO196;143656;FRENOS;Suzuki;Gixxer 150;150.0;;False;;False;;;;
YOK-00148;FRE-004;PASTILLAS FRENO EBC FA196;PASTILLAS FRENO EBC FA196;71036;FRENOS;TVS;Apache RTR 200;200.0;;False;;False;;;;
YOK-00149;TRA-009;CADENA RK 520KRX ORO 124L;CADENA RK 520KRX ORO 124L;112741;TRANSMISION;;;;;False;;False;;;;
YOK-00150;CAS-171-M;CASCO CROSS SHAFT SH-MX200 ROJO TALLA M;CASCO CROSS SHAFT SH-MX200 ROJO TALLA M;193275;CASCOS;;;;DUP-0014;False;;False;;;;
YOK-00151;ACC-016;MALETA LATERAL GIVI;MALETA LATERAL GIVI;380000;ACCESORIOS;;;;;False;;False;;;;
YOK-00152;LLA-003;LLANTA PIRELLI DIABLO ROSSO II 110/70-17;LLANTA PIRELLI DIABLO ROSSO II 110/70-17;117461;LLANTAS;;;;DUP-0010;False;;False;;;110cc;1970-2017
YOK-00153;CAS-045-M;CASCO ABIERTO LS2 OF562 AIRFLOW ROJO TALLA M;CASCO ABIERTO LS2 OF562 AIRFLOW ROJO TALLA M;409827;CASCOS;;;;DUP-0019;False;;False;;;;
YOK-00154;FIL-014;FILTRO ACEITE ORIGINAL YAMAHA140;FILTRO ACEITE ORIGINAL YAMAHA140;55231;FILTROS;Honda;Navi;110.0;;False;;False;;;;
YOK-00155;TRA-024;CATALINA TRASERA JT 124L;CATALINA TRASERA JT 124L;225094;TRANSMISION;;;;;False;;False;;;;
YOK-00156;REP-022A;MOFLE APACHE RTR 200;MOFLE APACHE RTR 200;220000;REPUESTOS;TVS;Apache 200;;;False;;False;;;200cc;
YOK-00157;CAS-066-L;CASCO CROSS LS2 MX437 FAST ROJO TALLA L;CASCO CROSS LS2 MX437 FAST ROJO TALLA L;463323;CASCOS;;;;DUP-0001;False;;False;;;;
YOK-00158;CAS-041-S;CASCO ABIERTO LS2 OF562 AIRFLOW BLANCO TALLA S;CASCO ABIERTO LS2 OF562 AIRFLOW BLANCO TALLA S;294916;CASCOS;;;;DUP-0019;False;;False;;;;
YOK-00159;FIL-019;FILTRO AIRE ORIGINAL SUZUKI141;FILTRO AIRE ORIGINAL SUZUKI141;23882;FILTROS;Bajaj;Boxer CT100;100.0;;False;;False;;;;
YOK-00160;FIL-001;FILTRO ACEITE HIFLOFILTRO HF138;FILTRO ACEITE HIFLOFILTRO HF138;47442;FILTROS;KTM;Duke 200;200.0;;False;;False;;;;
YOK-00161;LLA-040;LLANTA KENDA K761 120/70-17;LLANTA KENDA K761 120/70-17;246170;LLANTAS;;;;;False;;False;;;70cc;1970-2017
YOK-00162;TRA-022;CATALINA TRASERA JT 118L;CATALINA TRASERA JT 118L;214550;TRANSMISION;;;;;False;;False;;;;
YOK-00163;CAS-028-L;CASCO MODULAR LS2 FF906 ADVANT NEGRO MATE TALLA L;CASCO MODULAR LS2 FF906 ADVANT NEGRO MATE TALLA L;510664;CASCOS;;;;DUP-0025;False;;False;;;;
YOK-00164;CAS-023-S;CASCO MODULAR LS2 FF906 ADVANT BLANCO TALLA S;CASCO MODULAR LS2 FF906 ADVANT BLANCO TALLA S;547036;CASCOS;;;;DUP-0025;False;;False;;;;
YOK-00165;CAS-114-S;CASCO MODULAR HJC RPHA 90 ROJO TALLA S;CASCO MODULAR HJC RPHA 90 ROJO TALLA S;332419;CASCOS;;;;DUP-0027;False;;False;;;90cc;
YOK-00166;ACC-011;CANDADO CADENA ABUS;CANDADO CADENA ABUS;145000;ACCESORIOS;;;;;False;;False;;;;
YOK-00167;ACE-026;ACEITE MOBIL SUPER MOTO 4T 20W50 4L;ACEITE MOBIL SUPER MOTO 4T 20W50 4L;307716;ACEITES Y LUBRICANTES;;;;DUP-0032;True;;False;;;;
YOK-00168;REP-002;TENSOR CADENA DISCOVER 125;TENSOR CADENA DISCOVER 125;28000;REPUESTOS;Bajaj;Discover 125;;DUP-0033;True;;False;;DISCOVER 125;125cc;
YOK-00169;CAS-107-XXL;CASCO INTEGRAL HJC I70 BLANCO TALLA XXL;CASCO INTEGRAL HJC I70 BLANCO TALLA XXL;608888;CASCOS;;;;DUP-0030;False;;False;;;;
YOK-00170;REP-009;CARBURADOR COMPLETO ECO;CARBURADOR COMPLETO ECO;78000;REPUESTOS;Honda;ECO Deluxe;;DUP-0034;True;;False;;;;
YOK-00171;CAS-025-M;CASCO MODULAR LS2 FF906 ADVANT NEGRO MATE TALLA M;CASCO MODULAR LS2 FF906 ADVANT NEGRO MATE TALLA M;330077;CASCOS;;;;DUP-0035;True;;False;;;;
YOK-00172;LLA-027;LLANTA METZELER ROADTEC 110/70-17;LLANTA METZELER ROADTEC 110/70-17;345570;LLANTAS;;;;;False;;False;;;110cc;1970-2017
YOK-00173;CAS-038-XS;CASCO ABIERTO LS2 OF562 AIRFLOW BLANCO TALLA XS;CASCO ABIERTO LS2 OF562 AIRFLOW BLANCO TALLA XS;301169;CASCOS;;;;DUP-0019;False;;False;;;;
YOK-00174;CAS-117-M;CASCO MODULAR HJC RPHA 90 ROJO TALLA M;CASCO MODULAR HJC RPHA 90 ROJO TALLA M;434432;CASCOS;;;;DUP-0027;False;;False;;;90cc;
YOK-00175;CAS-006-S;CASCO INTEGRAL LS2 FF800 STORM ROJO TALLA S;CASCO INTEGRAL LS2 FF800 STORM ROJO TALLA S;290468;CASCOS;;;;DUP-0018;False;;False;;;;
YOK-00176;FRE-015;PASTILLAS FRENO BREMBO213;PASTILLAS FRENO BREMBO213;75836;FRENOS;Honda;ECO Deluxe;100.0;;False;;False;;;;
YOK-00177;CAS-119-L;CASCO MODULAR HJC RPHA 90 BLANCO TALLA L;CASCO MODULAR HJC RPHA 90 BLANCO TALLA L;467416;CASCOS;;;;DUP-0012;False;;False;;;90cc;
YOK-00178;CAS-046-L;CASCO ABIERTO LS2 OF562 AIRFLOW NEGRO MATE TALLA L;CASCO ABIERTO LS2 OF562 AIRFLOW NEGRO MATE TALLA L;581288;CASCOS;;;;DUP-0013;False;;False;;;;
YOK-00179;TRA-008;CADENA RK 520KRX ORO 120L;CADENA RK 520KRX ORO 120L;249845;TRANSMISION;;;;;False;;False;;;;
YOK-00180;BAT-038;BATERIA EXIDE ETX9-BS;BATERIA EXIDE ETX9-BS;356376;BATERIAS;;;;;False;;False;;;;
YOK-00181;FRE-007;PASTILLAS FRENO FERODO FDB165;PASTILLAS FRENO FERODO FDB165;89082;FRENOS;AKT;NKD 125;125.0;;False;;False;;;;
YOK-00182;BUJ-003;BUJIA NGK CPR8EA-9;BUJIA NGK CPR8EA-9;59699;BUJIAS;;;;;False;;False;;;;
YOK-00183;CAS-013-XL;CASCO INTEGRAL LS2 FF800 STORM NEGRO MATE TALLA XL;CASCO INTEGRAL LS2 FF800 STORM NEGRO MATE TALLA XL;508801;CASCOS;;;;DUP-0036;True;;False;;;;
YOK-00184;REP-016;GUARDAFANGO DELANTERO BWS 125;GUARDAFANGO DELANTERO BWS 125;45000;REPUESTOS;Yamaha;BWS 125;;;False;;False;;;125cc;
YOK-00185;LLA-034;LLANTA IRC NR73 100/80-17;LLANTA IRC NR73 100/80-17;289210;LLANTAS;;;;;False;;False;;;100cc;1980-2017
YOK-00186;REP-007;ESTATOR BAJAJ PULSAR 200;ESTATOR BAJAJ PULSAR 200;165000;REPUESTOS;Bajaj;Pulsar 200;;;False;;False;PULSAR;PULSAR 200;200cc;
YOK-00187;CAS-064-L;CASCO CROSS LS2 MX437 FAST NEGRO MATE TALLA L;CASCO CROSS LS2 MX437 FAST NEGRO MATE TALLA L;423789;CASCOS;;;;DUP-0001;False;;False;;;;
YOK-00188;CAS-007-M;CASCO INTEGRAL LS2 FF800 STORM NEGRO MATE TALLA M;CASCO INTEGRAL LS2 FF800 STORM NEGRO MATE TALLA M;490682;CASCOS;;;;DUP-0018;False;;False;;;;
YOK-00189;FRE-027;DISCO FRENO BREMBO SERIE ORO165;DISCO FRENO BREMBO SERIE ORO165;34210;FRENOS;TVS;Apache RTR 160;160.0;;False;;False;;;;
YOK-00190;BAT-034;BATERIA BOSCH M620L-BS;BATERIA BOSCH M620L-BS;316863;BATERIAS;;;;;False;;False;;;;
YOK-00191;ACE-004;ACEITE MOTUL 5100 4T 10W40 SEMI 1L;ACEITE MOTUL 5100 4T 10W40 SEMI 1L;151440;ACEITES Y LUBRICANTES;;;;DUP-0037;True;;False;;;;
YOK-00192;CAS-103-XL;CASCO INTEGRAL HJC I70 NEGRO MATE TALLA XL;CASCO INTEGRAL HJC I70 NEGRO MATE TALLA XL;487495;CASCOS;;;;DUP-0004;False;;False;;;;
YOK-00193;LLA-022;LLANTA BRIDGESTONE BATTLAX 100/80-17;LLANTA BRIDGESTONE BATTLAX 100/80-17;388617;LLANTAS;;;;;False;;False;;;100cc;1980-2017
YOK-00194;BUJ-006;BUJIA DENSO U24ESR-N;BUJIA DENSO U24ESR-N;46515;BUJIAS;;;;;False;;False;;;;
YOK-00195;CAS-159-XL;CASCO ABIERTO SHAFT SH-202 ROJO TALLA XL;CASCO ABIERTO SHAFT SH-202 ROJO TALLA XL;371102;CASCOS;;;;DUP-0008;False;;False;;;;
YOK-00196;FRE-008;PASTILLAS FRENO FERODO FDB174;PASTILLAS FRENO FERODO FDB174;265856;FRENOS;AKT;NKD 125;125.0;;False;;False;;;;
YOK-00197;FRE-021;DISCO FRENO EBC MD142;DISCO FRENO EBC MD142;271690;FRENOS;Bajaj;Pulsar NS200;200.0;;False;;False;;;;
YOK-00198;CAS-133-M;CASCO INTEGRAL SHAFT SH-881 NEGRO MATE TALLA M;CASCO INTEGRAL SHAFT SH-881 NEGRO MATE TALLA M;347665;CASCOS;;;;DUP-0016;False;;False;;;;
YOK-00199;CAS-026-M;CASCO MODULAR LS2 FF906 ADVANT BLANCO TALLA M;CASCO MODULAR LS2 FF906 ADVANT BLANCO TALLA M;534068;CASCOS;;;;DUP-0025;False;;False;;;;
YOK-00200;CAS-090-XXL;CASCO JET LS2 OF558 SPHERE ROJO TALLA XXL;CASCO JET LS2 OF558 SPHERE ROJO TALLA XXL;471326;CASCOS;;;;DUP-0031;False;;False;;;;
YOK-00201;CAS-020-XS;CASCO MODULAR LS2 FF906 ADVANT BLANCO TALLA XS;CASCO MODULAR LS2 FF906 ADVANT BLANCO TALLA XS;533338;CASCOS;;;;DUP-0025;False;;False;;;;
YOK-00202;TRA-020;PIÑON DELANTERO JT 120L;PIÑON DELANTERO JT 120L;284630;TRANSMISION;;;;;False;;False;;;;
YOK-00203;BAT-027;BATERIA GS GTX20L-BS;BATERIA GS GTX20L-BS;124476;BATERIAS;;;;;False;;False;;;;
YOK-00204;FRE-037;LIQUIDO FRENOS CASTROL DOT 4165;LIQUIDO FRENOS CASTROL DOT 4165;145751;FRENOS;Kawasaki;Ninja 400;400.0;;False;;False;;;;
YOK-00205;CAS-098-M;CASCO INTEGRAL HJC I70 BLANCO TALLA M;CASCO INTEGRAL HJC I70 BLANCO TALLA M;511225;CASCOS;;;;DUP-0030;False;;False;;;;
YOK-00206;REP-029;VALVULA ESCAPE CB190;VALVULA ESCAPE CB190;32000;REPUESTOS;Honda;CB190R;;;False;;False;;CB 190;;
YOK-00207;ACC-014;SLIDER CARENAJE PAR;SLIDER CARENAJE PAR;85000;ACCESORIOS;;;;;False;;False;;;;
YOK-00208;CAS-156-L;CASCO ABIERTO SHAFT SH-202 ROJO TALLA L;CASCO ABIERTO SHAFT SH-202 ROJO TALLA L;547762;CASCOS;;;;DUP-0008;False;;False;;;;
YOK-00209;ACC-017;MALETA TOP CASE 45L;MALETA TOP CASE 45L;285000;ACCESORIOS;;;;;False;;False;;;;
YOK-00210;CAS-017-XXL;CASCO INTEGRAL LS2 FF800 STORM BLANCO TALLA XXL;CASCO INTEGRAL LS2 FF800 STORM BLANCO TALLA XXL;422253;CASCOS;;;;DUP-0005;False;;False;;;;
YOK-00211;CAS-071-XXL;CASCO CROSS LS2 MX437 FAST BLANCO TALLA XXL;CASCO CROSS LS2 MX437 FAST BLANCO TALLA XXL;218969;CASCOS;;;;DUP-0001;False;;False;;;;
YOK-00212;BUJ-007;BUJIA BOSCH UR2CC;BUJIA BOSCH UR2CC;39226;BUJIAS;;;;;False;;False;;;;
YOK-00213;CAS-048-L;CASCO ABIERTO LS2 OF562 AIRFLOW ROJO TALLA L;CASCO ABIERTO LS2 OF562 AIRFLOW ROJO TALLA L;388370;CASCOS;;;;DUP-0020;False;;False;;;;
YOK-00214;REP-027;EMPAQUE MOTOR ECO SET;EMPAQUE MOTOR ECO SET;28000;REPUESTOS;Honda;ECO;;;False;;False;;;;
YOK-00215;CAS-004-S;CASCO INTEGRAL LS2 FF800 STORM NEGRO MATE TALLA S;CASCO INTEGRAL LS2 FF800 STORM NEGRO MATE TALLA S;354930;CASCOS;;;;DUP-0036;False;;False;;;;
YOK-00216;CAS-018-XXL;CASCO INTEGRAL LS2 FF800 STORM ROJO TALLA XXL;CASCO INTEGRAL LS2 FF800 STORM ROJO TALLA XXL;438574;CASCOS;;;;DUP-0018;False;;False;;;;
YOK-00217;FRE-023;DISCO FRENO EBC MD174;DISCO FRENO EBC MD174;243995;FRENOS;TVS;Apache RTR 200;200.0;;False;;False;;;;
YOK-00218;CAS-145-XS;CASCO ABIERTO SHAFT SH-202 NEGRO MATE TALLA XS;CASCO ABIERTO SHAFT SH-202 NEGRO MATE TALLA XS;572470;CASCOS;;;;DUP-0017;False;;False;;;;
YOK-00219;CAS-175-XL;CASCO CROSS SHAFT SH-MX200 NEGRO MATE TALLA XL;CASCO CROSS SHAFT SH-MX200 NEGRO MATE TALLA XL;270747;CASCOS;;;;DUP-0038;True;;False;;;;
YOK-00220;ACC-009A;IMPERMEABLE MOTOCICLISTA SET;IMPERMEABLE MOTOCICLISTA SET;65000;ACCESORIOS;;;;;False;;False;;;;
YOK-00221;TRA-027;CADENA OSAKI 428H 124L;CADENA OSAKI 428H 124L;287912;TRANSMISION;;;;;False;;False;;;;
YOK-00222;FRE-039;LIQUIDO FRENOS CASTROL DOT 4196;LIQUIDO FRENOS CASTROL DOT 4196;98588;FRENOS;Kawasaki;Z400;400.0;;False;;False;;;;
YOK-00223;FIL-025;FILTRO COMBUSTIBLE UNIVERSAL138;FILTRO COMBUSTIBLE UNIVERSAL138;52644;FILTROS;AKT;AKT 125 Special;125.0;;False;;False;;;;
YOK-00224;CAS-008-M;CASCO INTEGRAL LS2 FF800 STORM BLANCO TALLA M;CASCO INTEGRAL LS2 FF800 STORM BLANCO TALLA M;553250;CASCOS;;;;DUP-0005;False;;False;;;;
YOK-00225;BAT-019;BATERIA MOTOBATT MB14-BS;BATERIA MOTOBATT MB14-BS;216003;BATERIAS;;;;;False;;False;;;;
YOK-00226;CAS-042-S;CASCO ABIERTO LS2 OF562 AIRFLOW ROJO TALLA S;CASCO ABIERTO LS2 OF562 AIRFLOW ROJO TALLA S;506829;CASCOS;;;;DUP-0020;False;;False;;;;
YOK-00227;FIL-002;FILTRO ACEITE HIFLOFILTRO HF140;FILTRO ACEITE HIFLOFILTRO HF140;11539;FILTROS;TVS;Apache RTR 160;160.0;;False;;False;;;;
YOK-00228;BAT-021;BATERIA MOTOBATT MB30L-BS;BATERIA MOTOBATT MB30L-BS;249587;BATERIAS;;;;;False;;False;;;;
YOK-00229;BAT-012;BATERIA YUASA YT14-BS;BATERIA YUASA YT14-BS;165049;BATERIAS;;;;;False;;False;;;;
YOK-00230;BUJ-005;BUJIA DENSO IU27;BUJIA DENSO IU27;56706;BUJIAS;;;;;False;;False;;;;
YOK-00231;TRA-016;KIT ARRASTRE RK 118L;KIT ARRASTRE RK 118L;141011;TRANSMISION;;;;;False;;False;;;;
YOK-00232;CAS-085-XL;CASCO JET LS2 OF558 SPHERE NEGRO MATE TALLA XL;CASCO JET LS2 OF558 SPHERE NEGRO MATE TALLA XL;530958;CASCOS;;;;DUP-0002;False;;False;;;;
YOK-00233;CAS-179-XXL;CASCO CROSS SHAFT SH-MX200 BLANCO TALLA XXL;CASCO CROSS SHAFT SH-MX200 BLANCO TALLA XXL;621500;CASCOS;;;;DUP-0021;False;;False;;;;
YOK-00234;CAS-139-XL;CASCO INTEGRAL SHAFT SH-881 NEGRO MATE TALLA XL;CASCO INTEGRAL SHAFT SH-881 NEGRO MATE TALLA XL;634200;CASCOS;;;;DUP-0016;False;;False;;;;
YOK-00235;CAS-146-XS;CASCO ABIERTO SHAFT SH-202 BLANCO TALLA XS;CASCO ABIERTO SHAFT SH-202 BLANCO TALLA XS;466249;CASCOS;;;;DUP-0007;False;;False;;;;
YOK-00236;REP-010A;KIT EMBRAGUE XR150L;KIT EMBRAGUE XR150L;145000;REPUESTOS;Honda;XR150L;;;False;;False;;;;
YOK-00237;ACE-010;ACEITE CASTROL POWER 1 4T 10W40 1L;ACEITE CASTROL POWER 1 4T 10W40 1L;66814;ACEITES Y LUBRICANTES;;;;DUP-0026;False;;False;;;;
YOK-00238;ACE-023;ACEITE SHELL ADVANCE AX5 20W50 4L;ACEITE SHELL ADVANCE AX5 20W50 4L;491337;ACEITES Y LUBRICANTES;;;;DUP-0039;True;;False;;;;
YOK-00239;BAT-028;BATERIA GS GTX30L-BS;BATERIA GS GTX30L-BS;143103;BATERIAS;;;;;False;;False;;;;
YOK-00240;REP-027A;JUEGO EMPAQUES MOTOR ECO;JUEGO EMPAQUES MOTOR ECO;28000;REPUESTOS;Honda;ECO Deluxe;;;False;;False;;;;
YOK-00241;FIL-027;FILTRO COMBUSTIBLE UNIVERSAL141;FILTRO COMBUSTIBLE UNIVERSAL141;64534;FILTROS;Suzuki;Gixxer SF;155.0;;False;;False;;;;
YOK-00242;CAS-070-XXL;CASCO CROSS LS2 MX437 FAST NEGRO MATE TALLA XXL;CASCO CROSS LS2 MX437 FAST NEGRO MATE TALLA XXL;612596;CASCOS;;;;DUP-0023;False;;False;;;;
YOK-00243;CAS-060-S;CASCO CROSS LS2 MX437 FAST ROJO TALLA S;CASCO CROSS LS2 MX437 FAST ROJO TALLA S;453982;CASCOS;;;;DUP-0029;False;;False;;;;
YOK-00244;CAS-172-L;CASCO CROSS SHAFT SH-MX200 NEGRO MATE TALLA L;CASCO CROSS SHAFT SH-MX200 NEGRO MATE TALLA L;533939;CASCOS;;;;DUP-0038;False;;False;;;;
YOK-00245;BAT-014;BATERIA YUASA YT30L-BS;BATERIA YUASA YT30L-BS;340895;BATERIAS;;;;;False;;False;;;;
YOK-00246;ACC-008;CHALECO REFLECTIVO MOTO;CHALECO REFLECTIVO MOTO;25000;ACCESORIOS;;;;;False;;False;;;;
YOK-00247;ACE-002;ACEITE MOTUL 7100 4T 10W40 SINTETICO 4L;ACEITE MOTUL 7100 4T 10W40 SINTETICO 4L;532843;ACEITES Y LUBRICANTES;;;;DUP-0003;False;;False;;;;
YOK-00248;FIL-021;FILTRO ACEITE MAHLE138;FILTRO ACEITE MAHLE138;60607;FILTROS;Honda;ECO Deluxe;100.0;;False;;False;;;;
YOK-00249;LLA-039;LLANTA KENDA K761 110/70-17;LLANTA KENDA K761 110/70-17;307556;LLANTAS;;;;;False;;False;;;110cc;1970-2017
YOK-00250;LLA-010;LLANTA MICHELIN PILOT ROAD 4 100/80-17;LLANTA MICHELIN PILOT ROAD 4 100/80-17;128140;LLANTAS;;;;DUP-0040;True;;False;;;100cc;1980-2017
YOK-00251;CAS-012-L;CASCO INTEGRAL LS2 FF800 STORM ROJO TALLA L;CASCO INTEGRAL LS2 FF800 STORM ROJO TALLA L;506573;CASCOS;;;;DUP-0018;False;;False;;;;
YOK-00252;ACE-006;ACEITE MOTUL 5100 4T 10W40 SEMI 20L;ACEITE MOTUL 5100 4T 10W40 SEMI 20L;840675;ACEITES Y LUBRICANTES;;;;DUP-0037;False;;False;;;;
YOK-00253;BAT-033;BATERIA BOSCH M614-BS;BATERIA BOSCH M614-BS;94059;BATERIAS;;;;;False;;False;;;;
YOK-00254;FRE-028;DISCO FRENO BREMBO SERIE ORO174;DISCO FRENO BREMBO SERIE ORO174;122982;FRENOS;Suzuki;Gixxer SF;155.0;;False;;False;;;;
YOK-00255;REP-020;SILLIN COMPLETO BOXER CT;SILLIN COMPLETO BOXER CT;95000;REPUESTOS;Bajaj;Boxer CT;;;False;;False;;;;
YOK-00256;CAS-106-XXL;CASCO INTEGRAL HJC I70 NEGRO MATE TALLA XXL;CASCO INTEGRAL HJC I70 NEGRO MATE TALLA XXL;464401;CASCOS;;;;DUP-0004;False;;False;;;;
YOK-00257;BUJ-008;BUJIA CHAMPION RA8HC;BUJIA CHAMPION RA8HC;37227;BUJIAS;;;;;False;;False;;;;
YOK-00258;FIL-011;FILTRO ACEITE ORIGINAL HONDA141;FILTRO ACEITE ORIGINAL HONDA141;45252;FILTROS;Bajaj;Dominar 400;400.0;;False;;False;;;;
YOK-00259;FRE-017;PASTILLAS FRENO GALFER165;PASTILLAS FRENO GALFER165;184409;FRENOS;KTM;RC 200;200.0;;False;;False;;;;
YOK-00260;ACC-009;IMPERMEABLE MOTO COMPLETO;IMPERMEABLE MOTO COMPLETO;65000;ACCESORIOS;;;;;False;;False;;;;
YOK-00261;FRE-026;DISCO FRENO BREMBO SERIE ORO142;DISCO FRENO BREMBO SERIE ORO142;246233;FRENOS;Suzuki;Gixxer 150;150.0;;False;;False;;;;
YOK-00262;CAS-141-XL;CASCO INTEGRAL SHAFT SH-881 ROJO TALLA XL;CASCO INTEGRAL SHAFT SH-881 ROJO TALLA XL;276525;CASCOS;;;;DUP-0041;True;;False;;;;
YOK-00263;REP-019;DIRECCIONAL LED PAR;DIRECCIONAL LED PAR;28000;REPUESTOS;;;;;False;;False;;;;
YOK-00264;FRE-012;PASTILLAS FRENO BREMBO165;PASTILLAS FRENO BREMBO165;212462;FRENOS;Bajaj;Dominar 400;400.0;;False;;False;;;;
YOK-00265;REP-022;EXHOSTO COMPLETO APACHE 200;EXHOSTO COMPLETO APACHE 200;220000;REPUESTOS;TVS;Apache RTR 200;;;False;;False;;APACHE 200;200cc;
YOK-00266;ACC-012;FORRO SILLIN IMPERMEABLE;FORRO SILLIN IMPERMEABLE;18000;ACCESORIOS;;;;;False;;False;;;;
YOK-00267;CAS-143-XXL;CASCO INTEGRAL SHAFT SH-881 BLANCO TALLA XXL;CASCO INTEGRAL SHAFT SH-881 BLANCO TALLA XXL;220663;CASCOS;;;;DUP-0006;False;;False;;;;
YOK-00268;REP-005;CDI GIXXER 150;CDI GIXXER 150;185000;REPUESTOS;Suzuki;Gixxer 150;;;False;;False;;GIXXER 150;150cc;
YOK-00269;CAS-118-L;CASCO MODULAR HJC RPHA 90 NEGRO MATE TALLA L;CASCO MODULAR HJC RPHA 90 NEGRO MATE TALLA L;506566;CASCOS;;;;DUP-0022;False;;False;;;90cc;
YOK-00270;CAS-108-XXL;CASCO INTEGRAL HJC I70 ROJO TALLA XXL;CASCO INTEGRAL HJC I70 ROJO TALLA XXL;190371;CASCOS;;;;DUP-0042;True;;False;;;;
YOK-00271;BAT-040;BATERIA EXIDE ETX14-BS;BATERIA EXIDE ETX14-BS;354188;BATERIAS;;;;;False;;False;;;;
YOK-00272;ACE-029;ACEITE LIQUI MOLY 4T 10W40 4L;ACEITE LIQUI MOLY 4T 10W40 4L;357829;ACEITES Y LUBRICANTES;;;;DUP-0009;False;;False;;;;
YOK-00273;CAS-047-L;CASCO ABIERTO LS2 OF562 AIRFLOW BLANCO TALLA L;CASCO ABIERTO LS2 OF562 AIRFLOW BLANCO TALLA L;468213;CASCOS;;;;DUP-0019;False;;False;;;;
YOK-00274;CAS-010-L;CASCO INTEGRAL LS2 FF800 STORM NEGRO MATE TALLA L;CASCO INTEGRAL LS2 FF800 STORM NEGRO MATE TALLA L;435572;CASCOS;;;;DUP-0036;False;;False;;;;
YOK-00275;BAT-023;BATERIA GS GTX7L-BS;BATERIA GS GTX7L-BS;244995;BATERIAS;;;;;False;;False;;;;
YOK-00276;CAS-123-XL;CASCO MODULAR HJC RPHA 90 ROJO TALLA XL;CASCO MODULAR HJC RPHA 90 ROJO TALLA XL;492732;CASCOS;;;;DUP-0027;False;;False;;;90cc;
YOK-00277;TRA-005;CADENA DID 428VX ORO 120L;CADENA DID 428VX ORO 120L;209443;TRANSMISION;;;;;False;;False;;;;
YOK-00278;CAS-104-XL;CASCO INTEGRAL HJC I70 BLANCO TALLA XL;CASCO INTEGRAL HJC I70 BLANCO TALLA XL;429169;CASCOS;;;;DUP-0030;False;;False;;;;
YOK-00279;CAS-132-S;CASCO INTEGRAL SHAFT SH-881 ROJO TALLA S;CASCO INTEGRAL SHAFT SH-881 ROJO TALLA S;636252;CASCOS;;;;DUP-0041;False;;False;;;;
YOK-00280;FRE-010;PASTILLAS FRENO FERODO FDB213;PASTILLAS FRENO FERODO FDB213;43120;FRENOS;Suzuki;Gixxer 150;150.0;;False;;False;;;;
YOK-00281;ACE-027;ACEITE MOBIL SUPER MOTO 4T 20W50 20L;ACEITE MOBIL SUPER MOTO 4T 20W50 20L;1348215;ACEITES Y LUBRICANTES;;;;DUP-0032;False;;False;;;;
YOK-00282;REP-028;VALVULA ADMISION CB190;VALVULA ADMISION CB190;32000;REPUESTOS;Honda;CB190R;;;False;;False;;CB 190;;
YOK-00283;ACC-007;PROTECTOR ESPALDA ALPINESTARS;PROTECTOR ESPALDA ALPINESTARS;145000;ACCESORIOS;;;;;False;;False;;;;
YOK-00284;FRE-024;DISCO FRENO EBC MD196;DISCO FRENO EBC MD196;274927;FRENOS;Bajaj;Boxer CT100;100.0;;False;;False;;;;
YOK-00285;ACE-007;ACEITE MOTUL 3000 4T 20W50 MINERAL 1L;ACEITE MOTUL 3000 4T 20W50 MINERAL 1L;175931;ACEITES Y LUBRICANTES;;;;DUP-0024;False;;False;;;;
YOK-00286;CAS-086-XL;CASCO JET LS2 OF558 SPHERE BLANCO TALLA XL;CASCO JET LS2 OF558 SPHERE BLANCO TALLA XL;422903;CASCOS;;;;DUP-0011;False;;False;;;;
YOK-00287;REP-012;MANIGUETA FRENO UNIVERSAL;MANIGUETA FRENO UNIVERSAL;12000;REPUESTOS;;;;;False;;False;;;;
YOK-00288;FIL-007;FILTRO AIRE K&N141;FILTRO AIRE K&N141;64739;FILTROS;Honda;XR150L;150.0;;False;;False;;;;
YOK-00289;ACC-001;GUANTES ALPINESTARS SMX-1 AIR V2;GUANTES ALPINESTARS SMX-1 AIR V2;185000;ACCESORIOS;;;;;False;;False;;;;
YOK-00290;FRE-025;DISCO FRENO EBC MD213;DISCO FRENO EBC MD213;86608;FRENOS;Honda;XR150L;150.0;;False;;False;;;;
YOK-00291;FIL-022;FILTRO ACEITE MAHLE140;FILTRO ACEITE MAHLE140;36119;FILTROS;Honda;Navi;110.0;;False;;False;;;;
YOK-00292;CAS-138-L;CASCO INTEGRAL SHAFT SH-881 ROJO TALLA L;CASCO INTEGRAL SHAFT SH-881 ROJO TALLA L;290110;CASCOS;;;;DUP-0041;False;;False;;;;
YOK-00293;CAS-102-L;CASCO INTEGRAL HJC I70 ROJO TALLA L;CASCO INTEGRAL HJC I70 ROJO TALLA L;643326;CASCOS;;;;DUP-0042;False;;False;;;;
YOK-00294;CAS-161-XXL;CASCO ABIERTO SHAFT SH-202 BLANCO TALLA XXL;CASCO ABIERTO SHAFT SH-202 BLANCO TALLA XXL;536442;CASCOS;;;;DUP-0007;False;;False;;;;
YOK-00295;BUJ-002;BUJIA NGK CR9EK;BUJIA NGK CR9EK;57881;BUJIAS;;;;;False;;False;;;;
YOK-00296;CAS-115-M;CASCO MODULAR HJC RPHA 90 NEGRO MATE TALLA M;CASCO MODULAR HJC RPHA 90 NEGRO MATE TALLA M;205707;CASCOS;;;;DUP-0022;False;;False;;;90cc;
YOK-00297;FIL-015;FILTRO ACEITE ORIGINAL YAMAHA141;FILTRO ACEITE ORIGINAL YAMAHA141;33191;FILTROS;Suzuki;GSX-S150;150.0;;False;;False;;;;
YOK-00298;CAS-127-XS;CASCO INTEGRAL SHAFT SH-881 NEGRO MATE TALLA XS;CASCO INTEGRAL SHAFT SH-881 NEGRO MATE TALLA XS;358919;CASCOS;;;;DUP-0016;False;;False;;;;
YOK-00299;LLA-024;LLANTA BRIDGESTONE BATTLAX 120/70-17;LLANTA BRIDGESTONE BATTLAX 120/70-17;368769;LLANTAS;;;;;False;;False;;;70cc;1970-2017
YOK-00300;CAS-019-XS;CASCO MODULAR LS2 FF906 ADVANT NEGRO MATE TALLA XS;CASCO MODULAR LS2 FF906 ADVANT NEGRO MATE TALLA XS;457869;CASCOS;;;;DUP-0035;False;;False;;;;
YOK-00301;FRE-033;LIQUIDO FRENOS MOTUL DOT 4174;LIQUIDO FRENOS MOTUL DOT 4174;58343;FRENOS;Honda;Navi;110.0;;False;;False;;;;
YOK-00302;LLA-029;LLANTA CONTINENTAL CONTIMOTION 90/90-18;LLANTA CONTINENTAL CONTIMOTION 90/90-18;209947;LLANTAS;;;;;False;;False;;;90cc;1990-2018
YOK-00303;CAS-122-XL;CASCO MODULAR HJC RPHA 90 BLANCO TALLA XL;CASCO MODULAR HJC RPHA 90 BLANCO TALLA XL;585303;CASCOS;;;;DUP-0012;False;;False;;;90cc;
YOK-00304;TRA-021;PIÑON DELANTERO JT 124L;PIÑON DELANTERO JT 124L;62370;TRANSMISION;;;;;False;;False;;;;
YOK-00305;CAS-148-S;CASCO ABIERTO SHAFT SH-202 NEGRO MATE TALLA S;CASCO ABIERTO SHAFT SH-202 NEGRO MATE TALLA S;601394;CASCOS;;;;DUP-0017;False;;False;;;;
YOK-00306;LLA-004;LLANTA PIRELLI DIABLO ROSSO II 120/70-17;LLANTA PIRELLI DIABLO ROSSO II 120/70-17;408507;LLANTAS;;;;DUP-0010;False;;False;;;70cc;1970-2017
YOK-00307;CAS-056-XS;CASCO CROSS LS2 MX437 FAST BLANCO TALLA XS;CASCO CROSS LS2 MX437 FAST BLANCO TALLA XS;634714;CASCOS;;;;DUP-0001;False;;False;;;;
YOK-00308;CAS-021-XS;CASCO MODULAR LS2 FF906 ADVANT ROJO TALLA XS;CASCO MODULAR LS2 FF906 ADVANT ROJO TALLA XS;290285;CASCOS;;;;DUP-0043;True;;False;;;;
YOK-00309;REP-006;REGULADOR VOLTAJE FZ25;REGULADOR VOLTAJE FZ25;95000;REPUESTOS;Yamaha;FZ25;;;False;;False;;FZ 25;;
YOK-00310;CAS-105-XL;CASCO INTEGRAL HJC I70 ROJO TALLA XL;CASCO INTEGRAL HJC I70 ROJO TALLA XL;446751;CASCOS;;;;DUP-0042;False;;False;;;;
YOK-00311;CAS-084-L;CASCO JET LS2 OF558 SPHERE ROJO TALLA L;CASCO JET LS2 OF558 SPHERE ROJO TALLA L;289892;CASCOS;;;;DUP-0031;False;;False;;;;
YOK-00312;ACE-009;ACEITE MOTUL 3000 4T 20W50 MINERAL 20L;ACEITE MOTUL 3000 4T 20W50 MINERAL 20L;1326345;ACEITES Y LUBRICANTES;;;;DUP-0024;False;;False;;;;
YOK-00313;ACE-022;ACEITE SHELL ADVANCE AX5 20W50 1L;ACEITE SHELL ADVANCE AX5 20W50 1L;149904;ACEITES Y LUBRICANTES;;;;DUP-0039;False;;False;;;;
YOK-00314;TRA-013;KIT ARRASTRE DID 118L;KIT ARRASTRE DID 118L;202615;TRANSMISION;;;;;False;;False;;;;
YOK-00315;LLA-018;LLANTA DUNLOP SPORTMAX 100/80-17;LLANTA DUNLOP SPORTMAX 100/80-17;430910;LLANTAS;;;;;False;;False;;;100cc;1980-2017
YOK-00316;CAS-155-L;CASCO ABIERTO SHAFT SH-202 BLANCO TALLA L;CASCO ABIERTO SHAFT SH-202 BLANCO TALLA L;435758;CASCOS;;;;DUP-0007;False;;False;;;;
YOK-00317;CAS-178-XXL;CASCO CROSS SHAFT SH-MX200 NEGRO MATE TALLA XXL;CASCO CROSS SHAFT SH-MX200 NEGRO MATE TALLA XXL;474516;CASCOS;;;;DUP-0038;False;;False;;;;
YOK-00318;REP-026;RETENEDOR RUEDA TRASERA;RETENEDOR RUEDA TRASERA;8000;REPUESTOS;;;;;False;;False;;;;
YOK-00319;CAS-113-S;CASCO MODULAR HJC RPHA 90 BLANCO TALLA S;CASCO MODULAR HJC RPHA 90 BLANCO TALLA S;282894;CASCOS;;;;DUP-0012;False;;False;;;90cc;
YOK-00320;FRE-031;LIQUIDO FRENOS MOTUL DOT 4142;LIQUIDO FRENOS MOTUL DOT 4142;200659;FRENOS;Royal Enfield;Himalayan;411.0;;False;;False;;;;
YOK-00321;CAS-131-S;CASCO INTEGRAL SHAFT SH-881 BLANCO TALLA S;CASCO INTEGRAL SHAFT SH-881 BLANCO TALLA S;545349;CASCOS;;;;DUP-0006;False;;False;;;;
YOK-00322;REP-008A;BOBINA ALTA AKT 125 SPECIAL;BOBINA ALTA AKT 125 SPECIAL;45000;REPUESTOS;AKT;AKT 125 Special;;;False;;False;AKT;;125cc;
YOK-00323;CAS-088-XXL;CASCO JET LS2 OF558 SPHERE NEGRO MATE TALLA XXL;CASCO JET LS2 OF558 SPHERE NEGRO MATE TALLA XXL;357204;CASCOS;;;;DUP-0002;False;;False;;;;
YOK-00324;BAT-011;BATERIA YUASA YT12-BS;BATERIA YUASA YT12-BS;156224;BATERIAS;;;;;False;;False;;;;
YOK-00325;CAS-069-XL;CASCO CROSS LS2 MX437 FAST ROJO TALLA XL;CASCO CROSS LS2 MX437 FAST ROJO TALLA XL;417406;CASCOS;;;;DUP-0029;False;;False;;;;
YOK-00326;ACC-013;PARRILLA TRASERA UNIVERSAL;PARRILLA TRASERA UNIVERSAL;75000;ACCESORIOS;;;;;False;;False;;;;
YOK-00327;CAS-165-XS;CASCO CROSS SHAFT SH-MX200 ROJO TALLA XS;CASCO CROSS SHAFT SH-MX200 ROJO TALLA XS;382529;CASCOS;;;;DUP-0014;False;;False;;;;
YOK-00328;REP-003;CABLE ACELERADOR CB190R;CABLE ACELERADOR CB190R;22000;REPUESTOS;Honda;CB190R;;;False;;False;;;;
YOK-00329;REP-017;FAROLA DELANTERA LED UNIVERSAL;FAROLA DELANTERA LED UNIVERSAL;85000;REPUESTOS;;;;;False;;False;;;;
YOK-00330;TRA-002;CADENA DID 520VX3 ORO 120L;CADENA DID 520VX3 ORO 120L;127379;TRANSMISION;;;;;False;;False;;;;
YOK-00331;REP-025;RODAMIENTO DIRECCION KIT;RODAMIENTO DIRECCION KIT;35000;REPUESTOS;;;;;False;;False;;;;
YOK-00332;CAS-144-XXL;CASCO INTEGRAL SHAFT SH-881 ROJO TALLA XXL;CASCO INTEGRAL SHAFT SH-881 ROJO TALLA XXL;264191;CASCOS;;;;DUP-0041;False;;False;;;;
YOK-00333;CAS-083-L;CASCO JET LS2 OF558 SPHERE BLANCO TALLA L;CASCO JET LS2 OF558 SPHERE BLANCO TALLA L;493939;CASCOS;;;;DUP-0011;False;;False;;;;
YOK-00334;CAS-027-M;CASCO MODULAR LS2 FF906 ADVANT ROJO TALLA M;CASCO MODULAR LS2 FF906 ADVANT ROJO TALLA M;259058;CASCOS;;;;DUP-0035;False;;False;;;;
YOK-00335;CAS-097-M;CASCO INTEGRAL HJC I70 NEGRO MATE TALLA M;CASCO INTEGRAL HJC I70 NEGRO MATE TALLA M;620892;CASCOS;;;;DUP-0004;False;;False;;;;
YOK-00336;TRA-015;KIT ARRASTRE DID 124L;KIT ARRASTRE DID 124L;206303;TRANSMISION;;;;;False;;False;;;;
YOK-00337;TRA-004;CADENA DID 428VX ORO 118L;CADENA DID 428VX ORO 118L;77853;TRANSMISION;;;;;False;;False;;;;
YOK-00338;CAS-166-S;CASCO CROSS SHAFT SH-MX200 NEGRO MATE TALLA S;CASCO CROSS SHAFT SH-MX200 NEGRO MATE TALLA S;227021;CASCOS;;;;DUP-0038;False;;False;;;;
YOK-00339;ACC-003;CHAQUETA ALPINESTARS T-GP PLUS;CHAQUETA ALPINESTARS T-GP PLUS;520000;ACCESORIOS;;;;;False;;False;;;;
YOK-00340;CAS-180-XXL;CASCO CROSS SHAFT SH-MX200 ROJO TALLA XXL;CASCO CROSS SHAFT SH-MX200 ROJO TALLA XXL;181370;CASCOS;;;;DUP-0014;False;;False;;;;
YOK-00341;CAS-129-XS;CASCO INTEGRAL SHAFT SH-881 ROJO TALLA XS;CASCO INTEGRAL SHAFT SH-881 ROJO TALLA XS;485579;CASCOS;;;;DUP-0041;False;;False;;;;
YOK-00342;CAS-030-L;CASCO MODULAR LS2 FF906 ADVANT ROJO TALLA L;CASCO MODULAR LS2 FF906 ADVANT ROJO TALLA L;596004;CASCOS;;;;DUP-0025;False;;False;;;;
YOK-00343;CAS-063-M;CASCO CROSS LS2 MX437 FAST ROJO TALLA M;CASCO CROSS LS2 MX437 FAST ROJO TALLA M;307604;CASCOS;;;;DUP-0023;False;;False;;;;
YOK-00344;CAS-091-XS;CASCO INTEGRAL HJC I70 NEGRO MATE TALLA XS;CASCO INTEGRAL HJC I70 NEGRO MATE TALLA XS;200466;CASCOS;;;;DUP-0004;False;;False;;;;
YOK-00345;CAS-150-S;CASCO ABIERTO SHAFT SH-202 ROJO TALLA S;CASCO ABIERTO SHAFT SH-202 ROJO TALLA S;593959;CASCOS;;;;DUP-0008;False;;False;;;;
YOK-00346;BUJ-001;BUJIA NGK CR8E;BUJIA NGK CR8E;34767;BUJIAS;;;;;False;;False;;;;
YOK-00347;BAT-036;BATERIA EXIDE ETX5L-BS;BATERIA EXIDE ETX5L-BS;149111;BATERIAS;;;;;False;;False;;;;
YOK-00348;CAS-136-L;CASCO INTEGRAL SHAFT SH-881 NEGRO MATE TALLA L;CASCO INTEGRAL SHAFT SH-881 NEGRO MATE TALLA L;181690;CASCOS;;;;DUP-0016;False;;False;;;;
YOK-00349;TRA-025;CADENA OSAKI 428H 118L;CADENA OSAKI 428H 118L;80632;TRANSMISION;;;;;False;;False;;;;
YOK-00350;LLA-006;LLANTA PIRELLI ANGEL GT 100/80-17;LLANTA PIRELLI ANGEL GT 100/80-17;88935;LLANTAS;;;;;False;;False;;;100cc;1980-2017
YOK-00351;TRA-026;CADENA OSAKI 428H 120L;CADENA OSAKI 428H 120L;77293;TRANSMISION;;;;;False;;False;;;;
YOK-00352;CAS-033-XL;CASCO MODULAR LS2 FF906 ADVANT ROJO TALLA XL;CASCO MODULAR LS2 FF906 ADVANT ROJO TALLA XL;425568;CASCOS;;;;DUP-0043;False;;False;;;;
YOK-00353;TRA-012;CADENA RK 428HSB 124L;CADENA RK 428HSB 124L;70788;TRANSMISION;;;;;False;;False;;;;
YOK-00354;CAS-093-XS;CASCO INTEGRAL HJC I70 ROJO TALLA XS;CASCO INTEGRAL HJC I70 ROJO TALLA XS;504061;CASCOS;;;;DUP-0042;False;;False;;;;
YOK-00355;CAS-036-XXL;CASCO MODULAR LS2 FF906 ADVANT ROJO TALLA XXL;CASCO MODULAR LS2 FF906 ADVANT ROJO TALLA XXL;320067;CASCOS;;;;DUP-0043;False;;False;;;;
YOK-00356;CAS-100-L;CASCO INTEGRAL HJC I70 NEGRO MATE TALLA L;CASCO INTEGRAL HJC I70 NEGRO MATE TALLA L;358998;CASCOS;;;;DUP-0004;False;;False;;;;
YOK-00357;LLA-009;LLANTA MICHELIN PILOT ROAD 4 90/90-18;LLANTA MICHELIN PILOT ROAD 4 90/90-18;86727;LLANTAS;;;;DUP-0040;False;;False;;;90cc;1990-2018
YOK-00358;REP-031;BIELA PULSAR 180 UG;BIELA PULSAR 180 UG;95000;REPUESTOS;Bajaj;Pulsar 180;;;False;;False;PULSAR;PULSAR 180;180cc;
YOK-00359;CAS-173-L;CASCO CROSS SHAFT SH-MX200 BLANCO TALLA L;CASCO CROSS SHAFT SH-MX200 BLANCO TALLA L;536667;CASCOS;;;;DUP-0021;False;;False;;;;
YOK-00360;FRE-035;LIQUIDO FRENOS MOTUL DOT 4213;LIQUIDO FRENOS MOTUL DOT 4213;264127;FRENOS;Bajaj;Pulsar NS200;200.0;;False;;False;;;;
YOK-00361;CAS-177-XL;CASCO CROSS SHAFT SH-MX200 ROJO TALLA XL;CASCO CROSS SHAFT SH-MX200 ROJO TALLA XL;553208;CASCOS;;;;DUP-0014;False;;False;;;;
YOK-00362;CAS-142-XXL;CASCO INTEGRAL SHAFT SH-881 NEGRO MATE TALLA XXL;CASCO INTEGRAL SHAFT SH-881 NEGRO MATE TALLA XXL;398530;CASCOS;;;;DUP-0016;False;;False;;;;
YOK-00363;ACE-030;ACEITE LIQUI MOLY 4T 10W40 20L;ACEITE LIQUI MOLY 4T 10W40 20L;1918530;ACEITES Y LUBRICANTES;;;;DUP-0009;False;;False;;;;
YOK-00364;REP-018;STOP TRASERO LED UNIVERSAL;STOP TRASERO LED UNIVERSAL;35000;REPUESTOS;;;;;False;;False;;;;
YOK-00365;CAS-149-S;CASCO ABIERTO SHAFT SH-202 BLANCO TALLA S;CASCO ABIERTO SHAFT SH-202 BLANCO TALLA S;495100;CASCOS;;;;DUP-0007;False;;False;;;;
YOK-00366;LLA-016;LLANTA MICHELIN PILOT STREET 120/70-17;LLANTA MICHELIN PILOT STREET 120/70-17;418583;LLANTAS;;;;;False;;False;;;70cc;1970-2017
YOK-00367;CAS-111-XS;CASCO MODULAR HJC RPHA 90 ROJO TALLA XS;CASCO MODULAR HJC RPHA 90 ROJO TALLA XS;299202;CASCOS;;;;DUP-0022;False;;False;;;90cc;
YOK-00368;FRE-009;PASTILLAS FRENO FERODO FDB196;PASTILLAS FRENO FERODO FDB196;165372;FRENOS;Suzuki;Gixxer 150;150.0;;False;;False;;;;
YOK-00369;CAS-053-XXL;CASCO ABIERTO LS2 OF562 AIRFLOW BLANCO TALLA XXL;CASCO ABIERTO LS2 OF562 AIRFLOW BLANCO TALLA XXL;582313;CASCOS;;;;DUP-0019;False;;False;;;;
YOK-00370;FIL-003;FILTRO ACEITE HIFLOFILTRO HF141;FILTRO ACEITE HIFLOFILTRO HF141;33090;FILTROS;Suzuki;GSX-S150;150.0;;False;;False;;;;
YOK-00371;ACE-005;ACEITE MOTUL 5100 4T 10W40 SEMI 4L;ACEITE MOTUL 5100 4T 10W40 SEMI 4L;89467;ACEITES Y LUBRICANTES;;;;DUP-0037;False;;False;;;;
YOK-00372;FIL-016;FILTRO ACEITE ORIGINAL YAMAHA145;FILTRO ACEITE ORIGINAL YAMAHA145;39959;FILTROS;AKT;AKT 125 Special;125.0;;False;;False;;;;
YOK-00373;CAS-163-XS;CASCO CROSS SHAFT SH-MX200 NEGRO MATE TALLA XS;CASCO CROSS SHAFT SH-MX200 NEGRO MATE TALLA XS;316791;CASCOS;;;;DUP-0038;False;;False;;;;
YOK-00374;LLA-012;LLANTA MICHELIN PILOT ROAD 4 120/70-17;LLANTA MICHELIN PILOT ROAD 4 120/70-17;92082;LLANTAS;;;;DUP-0040;False;;False;;;70cc;1970-2017
YOK-00375;REP-009B;CARBURADOR COMPLETO ECO DELUXE;CARBURADOR COMPLETO ECO DELUXE;78000;REPUESTOS;Honda;ECO Deluxe 100;;DUP-0034;False;;False;;;;
YOK-00376;LLA-031;LLANTA CONTINENTAL CONTIMOTION 110/70-17;LLANTA CONTINENTAL CONTIMOTION 110/70-17;365308;LLANTAS;;;;;False;;False;;;110cc;1970-2017
YOK-00377;TRA-001;CADENA DID 520VX3 ORO 118L;CADENA DID 520VX3 ORO 118L;124519;TRANSMISION;;;;;False;;False;;;;
YOK-00378;LLA-023;LLANTA BRIDGESTONE BATTLAX 110/70-17;LLANTA BRIDGESTONE BATTLAX 110/70-17;149177;LLANTAS;;;;;False;;False;;;110cc;1970-2017
YOK-00379;TRA-019;PIÑON DELANTERO JT 118L;PIÑON DELANTERO JT 118L;85210;TRANSMISION;;;;;False;;False;;;;
YOK-00380;CAS-032-XL;CASCO MODULAR LS2 FF906 ADVANT BLANCO TALLA XL;CASCO MODULAR LS2 FF906 ADVANT BLANCO TALLA XL;306492;CASCOS;;;;DUP-0025;False;;False;;;;
YOK-00381;CAS-124-XXL;CASCO MODULAR HJC RPHA 90 NEGRO MATE TALLA XXL;CASCO MODULAR HJC RPHA 90 NEGRO MATE TALLA XXL;461188;CASCOS;;;;DUP-0012;False;;False;;;90cc;
YOK-00382;CAS-128-XS;CASCO INTEGRAL SHAFT SH-881 BLANCO TALLA XS;CASCO INTEGRAL SHAFT SH-881 BLANCO TALLA XS;466818;CASCOS;;;;DUP-0006;False;;False;;;;
YOK-00383;BAT-018;BATERIA MOTOBATT MB12-BS;BATERIA MOTOBATT MB12-BS;303814;BATERIAS;;;;;False;;False;;;;
YOK-00384;BAT-009;BATERIA YUASA YT7L-BS;BATERIA YUASA YT7L-BS;156219;BATERIAS;;;;;False;;False;;;;
YOK-00385;CAS-031-XL;CASCO MODULAR LS2 FF906 ADVANT NEGRO MATE TALLA XL;CASCO MODULAR LS2 FF906 ADVANT NEGRO MATE TALLA XL;447389;CASCOS;;;;DUP-0035;False;;False;;;;
YOK-00386;LLA-014;LLANTA MICHELIN PILOT STREET 100/80-17;LLANTA MICHELIN PILOT STREET 100/80-17;113286;LLANTAS;;;;;False;;False;;;100cc;1980-2017
YOK-00387;TRA-003;CADENA DID 520VX3 ORO 124L;CADENA DID 520VX3 ORO 124L;172765;TRANSMISION;;;;;False;;False;;;;
YOK-00388;CAS-170-M;CASCO CROSS SHAFT SH-MX200 BLANCO TALLA M;CASCO CROSS SHAFT SH-MX200 BLANCO TALLA M;440101;CASCOS;;;;DUP-0021;False;;False;;;;
YOK-00389;CAS-024-S;CASCO MODULAR LS2 FF906 ADVANT ROJO TALLA S;CASCO MODULAR LS2 FF906 ADVANT ROJO TALLA S;561347;CASCOS;;;;DUP-0043;False;;False;;;;
YOK-00390;REP-008;BOBINA ENCENDIDO AKT 125;BOBINA ENCENDIDO AKT 125;45000;REPUESTOS;AKT;AKT 125;;;False;;False;AKT;;125cc;
YOK-00391;LLA-032;LLANTA CONTINENTAL CONTIMOTION 120/70-17;LLANTA CONTINENTAL CONTIMOTION 120/70-17;400785;LLANTAS;;;;;False;;False;;;70cc;1970-2017
YOK-00392;LLA-028;LLANTA METZELER ROADTEC 120/70-17;LLANTA METZELER ROADTEC 120/70-17;316391;LLANTAS;;;;;False;;False;;;70cc;1970-2017
YOK-00393;FIL-020;FILTRO AIRE ORIGINAL SUZUKI145;FILTRO AIRE ORIGINAL SUZUKI145;54043;FILTROS;Yamaha;FZ25;250.0;;False;;False;;;;
YOK-00394;LLA-021;LLANTA BRIDGESTONE BATTLAX 90/90-18;LLANTA BRIDGESTONE BATTLAX 90/90-18;298907;LLANTAS;;;;;False;;False;;;90cc;1990-2018
YOK-00395;BAT-030;BATERIA BOSCH M67L-BS;BATERIA BOSCH M67L-BS;294257;BATERIAS;;;;;False;;False;;;;
YOK-00396;REP-010;CLUTCH COMPLETO XR150;CLUTCH COMPLETO XR150;145000;REPUESTOS;Honda;XR150;;;False;;False;;XR 150;;
YOK-00397;FIL-018;FILTRO AIRE ORIGINAL SUZUKI140;FILTRO AIRE ORIGINAL SUZUKI140;10789;FILTROS;AKT;NKD 125;125.0;;False;;False;;;;
YOK-00398;REP-002B;TENSOR CADENA DISCOVER 125 ST;TENSOR CADENA DISCOVER 125 ST;28000;REPUESTOS;Bajaj;Discover 125ST;;DUP-0033;False;;False;;DISCOVER 125;125cc;
YOK-00399;CAS-164-XS;CASCO CROSS SHAFT SH-MX200 BLANCO TALLA XS;CASCO CROSS SHAFT SH-MX200 BLANCO TALLA XS;344403;CASCOS;;;;DUP-0021;False;;False;;;;
YOK-00400;CAS-154-L;CASCO ABIERTO SHAFT SH-202 NEGRO MATE TALLA L;CASCO ABIERTO SHAFT SH-202 NEGRO MATE TALLA L;380607;CASCOS;;;;DUP-0017;False;;False;;;;
YOK-00401;CAS-167-S;CASCO CROSS SHAFT SH-MX200 BLANCO TALLA S;CASCO CROSS SHAFT SH-MX200 BLANCO TALLA S;580466;CASCOS;;;;DUP-0014;False;;False;;;;
YOK-00402;FRE-005;PASTILLAS FRENO EBC FA213;PASTILLAS FRENO EBC FA213;48043;FRENOS;Royal Enfield;Himalayan;411.0;;False;;False;;;;
YOK-00403;CAS-034-XXL;CASCO MODULAR LS2 FF906 ADVANT NEGRO MATE TALLA XXL;CASCO MODULAR LS2 FF906 ADVANT NEGRO MATE TALLA XXL;469651;CASCOS;;;;DUP-0035;False;;False;;;;
YOK-00404;ACC-020;INTERCOMUNICADOR SENA 3S;INTERCOMUNICADOR SENA 3S;320000;ACCESORIOS;;;;;False;;False;;;;
YOK-00405;CAS-140-XL;CASCO INTEGRAL SHAFT SH-881 BLANCO TALLA XL;CASCO INTEGRAL SHAFT SH-881 BLANCO TALLA XL;550883;CASCOS;;;;DUP-0006;False;;False;;;;
YOK-00406;FRE-016;PASTILLAS FRENO GALFER142;PASTILLAS FRENO GALFER142;51197;FRENOS;Suzuki;GSX-S150;150.0;;False;;False;;;;
YOK-00407;CAS-067-XL;CASCO CROSS LS2 MX437 FAST NEGRO MATE TALLA XL;CASCO CROSS LS2 MX437 FAST NEGRO MATE TALLA XL;646102;CASCOS;;;;DUP-0023;False;;False;;;;
YOK-00408;FIL-028;FILTRO COMBUSTIBLE UNIVERSAL145;FILTRO COMBUSTIBLE UNIVERSAL145;36496;FILTROS;Honda;ECO Deluxe;100.0;;False;;False;;;;
YOK-00409;BAT-004;BATERIA YUASA YTX12-BS;BATERIA YUASA YTX12-BS;274981;BATERIAS;;;;;False;;False;;;;
YOK-00410;ACE-021;ACEITE HONDA GN4 10W30 20L;ACEITE HONDA GN4 10W30 20L;1243215;ACEITES Y LUBRICANTES;;;;;False;;False;HONDA;;;
YOK-00411;REP-013;MANIGUETA CLUTCH UNIVERSAL;MANIGUETA CLUTCH UNIVERSAL;12000;REPUESTOS;;;;;False;;False;;;;
YOK-00412;CAS-039-XS;CASCO ABIERTO LS2 OF562 AIRFLOW ROJO TALLA XS;CASCO ABIERTO LS2 OF562 AIRFLOW ROJO TALLA XS;246112;CASCOS;;;;DUP-0020;False;;False;;;;
YOK-00413;ACE-015;ACEITE CASTROL ACTEVO 4T 20W50 20L;ACEITE CASTROL ACTEVO 4T 20W50 20L;1036620;ACEITES Y LUBRICANTES;;;;DUP-0015;False;;False;;;;
YOK-00414;FRE-020;PASTILLAS FRENO GALFER213;PASTILLAS FRENO GALFER213;217678;FRENOS;Suzuki;Gixxer SF;155.0;;False;;False;;;;
YOK-00415;CAS-110-XS;CASCO MODULAR HJC RPHA 90 BLANCO TALLA XS;CASCO MODULAR HJC RPHA 90 BLANCO TALLA XS;193500;CASCOS;;;;DUP-0012;False;;False;;;90cc;
YOK-00416;LLA-007;LLANTA PIRELLI ANGEL GT 110/70-17;LLANTA PIRELLI ANGEL GT 110/70-17;172760;LLANTAS;;;;;False;;False;;;110cc;1970-2017
YOK-00417;BAT-003;BATERIA YUASA YTX9-BS;BATERIA YUASA YTX9-BS;375594;BATERIAS;;;;;False;;False;;;;
YOK-00418;TRA-014;KIT ARRASTRE DID 120L;KIT ARRASTRE DID 120L;284702;TRANSMISION;;;;;False;;False;;;;
YOK-00419;CAS-057-XS;CASCO CROSS LS2 MX437 FAST ROJO TALLA XS;CASCO CROSS LS2 MX437 FAST ROJO TALLA XS;265720;CASCOS;;;;DUP-0029;False;;False;;;;
YOK-00420;CAS-096-S;CASCO INTEGRAL HJC I70 ROJO TALLA S;CASCO INTEGRAL HJC I70 ROJO TALLA S;599899;CASCOS;;;;DUP-0030;False;;False;;;;
YOK-00421;FRE-029;DISCO FRENO BREMBO SERIE ORO196;DISCO FRENO BREMBO SERIE ORO196;61406;FRENOS;Royal Enfield;Himalayan;411.0;;False;;False;;;;
YOK-00422;LLA-011;LLANTA MICHELIN PILOT ROAD 4 110/70-17;LLANTA MICHELIN PILOT ROAD 4 110/70-17;420590;LLANTAS;;;;DUP-0040;False;;False;;;110cc;1970-2017
YOK-00423;CAS-052-XXL;CASCO ABIERTO LS2 OF562 AIRFLOW NEGRO MATE TALLA XXL;CASCO ABIERTO LS2 OF562 AIRFLOW NEGRO MATE TALLA XXL;261913;CASCOS;;;;DUP-0013;False;;False;;;;
YOK-00424;FRE-019;PASTILLAS FRENO GALFER196;PASTILLAS FRENO GALFER196;105559;FRENOS;Kawasaki;Z400;400.0;;False;;False;;;;
YOK-00425;BAT-029;BATERIA BOSCH M65L-BS;BATERIA BOSCH M65L-BS;126442;BATERIAS;;;;;False;;False;;;;
YOK-00426;CAS-074-XS;CASCO JET LS2 OF558 SPHERE BLANCO TALLA XS;CASCO JET LS2 OF558 SPHERE BLANCO TALLA XS;593719;CASCOS;;;;DUP-0011;False;;False;;;;
YOK-00427;FIL-008;FILTRO AIRE K&N145;FILTRO AIRE K&N145;30472;FILTROS;Yamaha;BWS 125;125.0;;False;;False;;;;
YOK-00428;CAS-157-XL;CASCO ABIERTO SHAFT SH-202 NEGRO MATE TALLA XL;CASCO ABIERTO SHAFT SH-202 NEGRO MATE TALLA XL;396197;CASCOS;;;;DUP-0017;False;;False;;;;
YOK-00429;CAS-058-S;CASCO CROSS LS2 MX437 FAST NEGRO MATE TALLA S;CASCO CROSS LS2 MX437 FAST NEGRO MATE TALLA S;306158;CASCOS;;;;DUP-0023;False;;False;;;;
YOK-00430;BAT-015;BATERIA MOTOBATT MB5L-BS;BATERIA MOTOBATT MB5L-BS;122960;BATERIAS;;;;;False;;False;;;;
YOK-00431;CAS-099-M;CASCO INTEGRAL HJC I70 ROJO TALLA M;CASCO INTEGRAL HJC I70 ROJO TALLA M;446027;CASCOS;;;;DUP-0042;False;;False;;;;
YOK-00432;REP-021;TANQUE GASOLINA DISCOVER;TANQUE GASOLINA DISCOVER;185000;REPUESTOS;Bajaj;Discover;;;False;;False;;;;
YOK-00433;ACE-011;ACEITE CASTROL POWER 1 4T 10W40 4L;ACEITE CASTROL POWER 1 4T 10W40 4L;450775;ACEITES Y LUBRICANTES;;;;DUP-0026;False;;False;;;;
YOK-00434;CAS-153-M;CASCO ABIERTO SHAFT SH-202 ROJO TALLA M;CASCO ABIERTO SHAFT SH-202 ROJO TALLA M;466422;CASCOS;;;;DUP-0007;False;;False;;;;
YOK-00435;LLA-037;LLANTA KENDA K761 90/90-18;LLANTA KENDA K761 90/90-18;171452;LLANTAS;;;;;False;;False;;;90cc;1990-2018
YOK-00436;REP-030;PISTON COMPLETO PULSAR 180;PISTON COMPLETO PULSAR 180;85000;REPUESTOS;Bajaj;Pulsar 180;;;False;;False;PULSAR;PULSAR 180;180cc;
YOK-00437;BAT-016;BATERIA MOTOBATT MB7L-BS;BATERIA MOTOBATT MB7L-BS;294777;BATERIAS;;;;;False;;False;;;;
YOK-00438;FIL-009;FILTRO ACEITE ORIGINAL HONDA138;FILTRO ACEITE ORIGINAL HONDA138;8275;FILTROS;Bajaj;Pulsar 180;180.0;;False;;False;;;;
YOK-00439;BAT-024;BATERIA GS GTX9-BS;BATERIA GS GTX9-BS;331837;BATERIAS;;;;;False;;False;;;;
YOK-00440;CAS-022-S;CASCO MODULAR LS2 FF906 ADVANT NEGRO MATE TALLA S;CASCO MODULAR LS2 FF906 ADVANT NEGRO MATE TALLA S;510278;CASCOS;;;;DUP-0035;False;;False;;;;
YOK-00441;ACE-024;ACEITE SHELL ADVANCE AX5 20W50 20L;ACEITE SHELL ADVANCE AX5 20W50 20L;1116030;ACEITES Y LUBRICANTES;;;;DUP-0039;False;;False;;;;
YOK-00442;CAS-116-M;CASCO MODULAR HJC RPHA 90 BLANCO TALLA M;CASCO MODULAR HJC RPHA 90 BLANCO TALLA M;352026;CASCOS;;;;DUP-0012;False;;False;;;90cc;
YOK-00443;REP-004;CABLE EMBRAGUE CB190R;CABLE EMBRAGUE CB190R;24000;REPUESTOS;Honda;CB190R;;;False;;False;;;;
YOK-00444;LLA-025;LLANTA METZELER ROADTEC 90/90-18;LLANTA METZELER ROADTEC 90/90-18;183231;LLANTAS;;;;;False;;False;;;90cc;1990-2018
YOK-00445;TRA-018;KIT ARRASTRE RK 124L;KIT ARRASTRE RK 124L;252140;TRANSMISION;;;;;False;;False;;;;
YOK-00446;CAS-055-XS;CASCO CROSS LS2 MX437 FAST NEGRO MATE TALLA XS;CASCO CROSS LS2 MX437 FAST NEGRO MATE TALLA XS;397786;CASCOS;;;;DUP-0023;False;;False;;;;
YOK-00447;REP-005B;CDI GIXXER SF;CDI GIXXER SF;185000;REPUESTOS;Suzuki;Gixxer SF;;;False;;False;;;;
YOK-00448;LLA-033;LLANTA IRC NR73 90/90-18;LLANTA IRC NR73 90/90-18;391560;LLANTAS;;;;;False;;False;;;90cc;1990-2018
YOK-00449;REP-001;BOMBA AGUA PULSAR 200NS;BOMBA AGUA PULSAR 200NS;125000;REPUESTOS;Bajaj;Pulsar 200NS;;DUP-0028;False;;False;PULSAR;;;
YOK-00450;LLA-015;LLANTA MICHELIN PILOT STREET 110/70-17;LLANTA MICHELIN PILOT STREET 110/70-17;296208;LLANTAS;;;;;False;;False;;;110cc;1970-2017
YOK-00451;FRE-036;LIQUIDO FRENOS CASTROL DOT 4142;LIQUIDO FRENOS CASTROL DOT 4142;137577;FRENOS;KTM;RC 200;200.0;;False;;False;;;;
YOK-00452;ACE-025;ACEITE MOBIL SUPER MOTO 4T 20W50 1L;ACEITE MOBIL SUPER MOTO 4T 20W50 1L;143835;ACEITES Y LUBRICANTES;;;;DUP-0032;False;;False;;;;
YOK-00453;CAS-092-XS;CASCO INTEGRAL HJC I70 BLANCO TALLA XS;CASCO INTEGRAL HJC I70 BLANCO TALLA XS;605112;CASCOS;;;;DUP-0030;False;;False;;;;
YOK-00454;CAS-016-XXL;CASCO INTEGRAL LS2 FF800 STORM NEGRO MATE TALLA XXL;CASCO INTEGRAL LS2 FF800 STORM NEGRO MATE TALLA XXL;595888;CASCOS;;;;DUP-0036;False;;False;;;;
YOK-00455;FIL-005;FILTRO AIRE K&N138;FILTRO AIRE K&N138;16181;FILTROS;Honda;CB190R;190.0;;False;;False;;;;
YOK-00456;FRE-032;LIQUIDO FRENOS MOTUL DOT 4165;LIQUIDO FRENOS MOTUL DOT 4165;124076;FRENOS;Yamaha;MT-03;321.0;;False;;False;;;;
YOK-00457;CAS-169-M;CASCO CROSS SHAFT SH-MX200 NEGRO MATE TALLA M;CASCO CROSS SHAFT SH-MX200 NEGRO MATE TALLA M;513730;CASCOS;;;;DUP-0038;False;;False;;;;
YOK-00458;FRE-001;PASTILLAS FRENO EBC FA142;PASTILLAS FRENO EBC FA142;97805;FRENOS;TVS;Apache RTR 160;160.0;;False;;False;;;;
YOK-00459;CAS-035-XXL;CASCO MODULAR LS2 FF906 ADVANT BLANCO TALLA XXL;CASCO MODULAR LS2 FF906 ADVANT BLANCO TALLA XXL;598069;CASCOS;;;;DUP-0025;False;;False;;;;
